word / phrase,translation,comment
despite this problem,ამ პრობლემის მიუხედავად,
in spite of this problem,ამ პრობლემის მიუხედავად,
give me a lift home,გამიყვანე მანქანით სახლში,
put me through,გადამრთე (ტელეფონზე),
are you having me on?,მეკაიფები?,
I can't make him out,"ვერ გამიგია, როგორი ადამიანია ის",
beaver,თახვი,
6 pack,მუცლის პრესი,
sit ups,მუცლის პრესის ვარჯიშები,
a means of transport,ტრანსპორტის საშუალება,
sack of cornmeal,სიმინდის ფქვილის ტომარა,
thrifty,"ეკონომიური, ხელმომჭირნე",
it's thanks to you,შენი დამსახურებაა,
how come you are here?,როგორ მოხდა რომ აქ ხარ?,
squats,ბუქნები,
gnaw,ღრღნა,
everything is in a good running (working) order,ყველაფერი გამართულად მუშაობს,
root for somebody,უგულშემატკივრო ვინმეს,
make somebody sit up,"მომართო ვინმე, რომ ყურადღება მოგაქციონ",
outright,"სრულიად, პირდაპირ, მაშინვე",
clergy,სამღვდელოება,
longevity,დღეგრძელობა,
peninsula,ნახევარკუნძული,
oath,"დაპირება, ფიცი",
wing it,რამის გაკეთება წინასწარ მომზადების გარეშე,
credibility,სანდოობა,
I have no idea,წარმოდგენა არ მაქვს,
I have no clue,წარმოდგენა არ მაქვს,
the countryside,ქალაქგარეთ,
pickpocket,ჯიბის ქურდი,
rib,ნეკნი,
lame,კოჭლი,
moderation,ზომიერება,
whim,კაპრიზი,
butler,უფროსი მოსამსახურე,
caregiver,მომვლელი,
ministry,მსახურება (სასულიერო პირის),
central heating,ცენტრალური გათბობა,
liver,ღვიძლი,
nuclear energy,ბირთვული ენერგია,
let's summarize,მოდი შევაჯამოთ,
all by myself,სულ მარტო,
Have you known this person long?,დიდი ხანია ამ ადამიანს იცნობ?,
chew,დაღეჭვა,
digest,"მონელება, გადამუშავება",
exercise bike,სავარჯიშო ველოსიპედი,
skunk,სკუნსი,
exhausted,"გადაღლილი, დაქანცული",
worn out,"გადაღლილი, დაქანცული",
weary,"გადაღლილი, დაქანცული",
repel,განზიდვა,
attract,მიზიდვა,
demanding,მომთხოვნი,
How at risk are you?,რამდენად რისკში ხარ?,
come up to sb's expectations,გაამართლო ვინმეს მოლოდინები,
meet sb's expectations,გაამართლო ვინმეს მოლოდინები,
bullying boss,მოძალადე უფროსი,
backstabbing colleagues,"""ზურგში დანის ჩამრტყმელი"" თანამშრომლები",
pace,ტემპი,
hectic,"გადატვირთული, დაძაბული",
tight deadlines,მჭიდრო დედლაინები,
recuperate,"გამოჯანმრთელება, ძალების აღდგენა",
recover from,"გამოჯანმრთელება, ძალების აღდგენა",
bound up,გადაჯაჭვული,
at all/any cost,ნებისმიერ ფასად,
at any price,ნებისმიერ ფასად,
discuss sth in detail,რამის დეტალურად განხილვა,
say no to sb,უარი უთხრა ვინმეს,
refuse the offer,შემოთავაზების უარყოფა,
turn down the offer,შემოთავაზების უარყოფა,
decline the offer,შემოთავაზების უარყოფა,
jump in with a question,ჩახტე საუბარში შეკითხვით,
butt in with a question,ჩახტე საუბარში შეკითხვით,
turn your back on sb,ზურგი შეაქციო ვინმეს,
blush,გაწითლება,
I can't afford to do it,არ შემიძლია თავს უფლება მივცე,
revise,გადამეორება,
on the edge,კიდეში,
at the top/bottom,თავში/ბოლოში,
"apart from him, everyone",მის გარდა ყველა,
have a good rest,კარგად დაისვენე,
turn against sb.,დაუპირისპირდე ვინმეს,
in terms of profitability,მომგებიანობის თვალსაზრისით,
technically speaking,ტექნიკურად რომ ვილაპარაკოთ,
generally speaking,ზოგადად რომ ვილაპარაკოთ,
hedge,გაკრეჭილი ბუჩქები,
enrich my English,ჩემი ინგლისურის გამდიდრება,
lawn,გაზონი,
draw a conclusion,დასკვნის გამოტანა,
statistically significant,სტატისტიკურად მნიშვნელოვანი,
It will strengthen our economy.,ეს გააძლიერებს ჩვენს ეკონომიკას.,
Your arguments are not convincing enough.,თქვენი არგუმენტები არ არის საკმარისად დამაჯერებელი.,
What are you aiming at?,რას უმიზნებ?,
What are you hinting at?,რაზე მიანიშნებ?,
most of the time,"ხშირ შემთხვევაში, უმეტეს შემთხვევაში",
for further information,დამატებითი ინფორმაციისთვის,
supreme court,უზენაესი სასამართლო,
courtyard,შიდა ეზო,
Curiosity killed the cat.,ნუ იქნები ცნობისმოყვარე. (ცნობისმოყვარეობამ კატა მოკლა),
Explain everything to me.,ამიხსენი ყველაფერი.,
as if,თითქოს და,
as though,თითქოს და,
inner beauty,შინაგანი სილამაზე,
internal bleeding,შინაგანი სისხლდენა,
internal organs,შინაგანი ორგანოები,
pat sb. on the back,ხელის წამორტყმა,
burnout,გადაწვა,
wear sb. down,დაღალო ვინმე,
red burnout zone,გადაწვის ზონა,
meet demands,მოთხოვნების დაკმაყოფილება,
all of which,რომელთაგან ყველა,
I have too much on my plate.,ძალიან დატვირთული ვარ.,
noughty,ცელქი,
out of the blue,"არსაიდან, უეცრად",
kick the bucket,ფეხების გაფშეკვა,
wart,მეჭეჭი,
tin,კონსერვი,
hob,გაზქურის თავი,
carrot top,წითური,
egg someone,წაქეზება,
deprive,წართმევა,
one-off,ერთჯერადი,
cope,გამკლავება,
steering clear,მოერიდო,
induce,"გამოწვევა, გამოიწვევს",
drowsiness,ძილიანობა,
lull,დამშვიდება,
misled,შეცდომაში შეყვანილი,
dart,სწრაფად სირბილი აქეთ-იქით,
disregard,"უგულებელყოფა, დაიგნორება",
veil,საბურველი,
veiled,დაფარული,
eradicate,აღმოფხვრა,
imminent,"გარდაუვალი, აუცილებელი",
inevitable,"გარდაუვალი, აუცილებელი",
plague,ტანჯვა,
nip it in the bud,საწყის ეტაპზე პრობლემის მოგვარება,
nip,"კბენა, მოჭერა",
red-rimmed eyes,ჩაწითლებული თვალები,
invariably,ყველა შემთხვევაში,
erratic,"არასტაბილური, არაპროგნოზირებადი",
sour,მჟავე,
acidic taste,მომჟავო გემო,
He was in the room reading a paper.,ის იყო ოთახში და კითხულობდა გაზეთს.,
be at the doctor's,იყო ექიმთან,
go to the doctor,წახვიდე ექიმთან,
visit a doctor,წახვიდე ექიმთან,
ask a doctor,კონსულტაცია გაიარო ექიმთან,
consult a doctor,კონსულტაცია გაიარო ექიმთან,
There's no accounting for taste.,გემოვნებაზე არ დავობენ.,
We fought tooth and nail to...,ყველა საშუალებით ვიბრძოდით,
is sure to,"უეჭველია, რომ",
make sure,"დარწმუნდი, დაარწმუნო",
urgent medical attention,სასწრაფო სამედიცინო დახმარება,
with a bit of attention,მცირედი ყურადღებით,
to keep the attention of sb.,შეინარჩუნო ვინმეს ყურადღება,
to give my undivided attention,მივაპყრო ჩემი სრული ყურადღება,
with close attention,მთელი ყურადღებით,
my attention started to wander,ყურადღება გამეფანტა,
pay more attention to sth.,უფრო მეტი ყურადღება მიაქციო რამეს.,
"Attention, please!",ყურადღება!,
My attention isn't on the game.,ჩემი ყურადღება არ არის თამაშზე.,
He turned his attention to the file.,მან ყურადღება გადაიტანა ფაილზე.,
We need to give more attention to this.,ჩვენ უნდა მივაქციოთ უფრო მეტი ყურადღება ამას.,
Attention to detail is essential.,დეტალებზე ყურადღების მიქცევა აუცილებელია.,
by the attention he was giving her,"ყურადღება, რომელსაც ის იჩენდა მის მიმართ",
He attracted the attention of her.,მან მიიქცია მისი ყურადღება.,
It received little attention in the press.,ამან მიიქცია პრესის მცირე ყურადღება.,
It attracted a great deal of media attention.,ამან მიიქცია მედიის დიდი ყურადღება.,
hold sb's attention,შეინარჩუნო ვინმეს ყურადღება,
I was in the center of attention,ყურადღების ცენტრში ვიყავი.,
to avoid the attentions (romantic interest),მოერიდო (რომანტიულ) ურთიერთობებს,
catch sb's attention,მიიპყრო ვინმეს ყურადღება,
get attention,მიიღო ყურადღება,
draw attention to,მიიპყრო ყურადღება,
focus attention on sth.,ყურადღება მიაპყრო რამეს,
draw/divert/distract attention away from sth.,ყურადღება გადაიტანო რამიდან,
come to sb's attention,,
bring sth to sb's attention,,
escape your attention,,
needs a bit of attention (repairing),სჭირდება შეკეთება,
care and attention,მოვლა და ყურადღება,
medical attention,სამედიცინო დახმარება,
stand to/at attention (soldiers),,
attentively,ყურადღებით,
get ahead in sth.,წახვიდე წინ რამეში,
in private,"ცალკე, პირადად",
in public,"საჯაროდ, ხალხში",
behind bars,"ციხეში, საკანში",
bars,გისოსი,
pickles,მწნილი,
pickled,დამწნილებული,
carry on,გაგრძელება,
proceed,გაგრძელება,
go on,გაგრძელება,
standard of living,ცხოვრების დონე,
ship,გადაზიდვა,
transport,გადაზიდვა,
Have a safe journey!,გისურვებთ უსაფრთხო მოგზაურობას!,
I can't wait to see you!,"ერთი სული მაქვს, გნახო!",
I look forward to seeing you!,"ერთი სული მაქვს, გნახო!",
10 Lari,10 ლარი,
chat sb. up,შეაბა ვინმე,
invincible,დაუმარცხებელი,
unbeatable,დაუმარცხებელი,
strong desire to do sth.,რაღაცის გაკეთების დიდი სურვილი,
unprepared,მოუმზადებელი,
you need not bring,არ არის საჭირო მოტანა,
necklace,ყელსაბამი,
earrings,საყურეები,
bracelet,სამაჯური,
needy,"გაჭირვებული, ადამიანი, რომელიც არ არის დამოუკიდებელი",
ask for,სთხოვო რამე,
mutual acquaintances,საერთო ნაცნობები,
TB,ტუბერკულიოზი,
ICU (Intensive Care Unit),რეანიმაცია,
mustard,მდოგვი,
ketchup,კეტჩუპი,
ribs,ნეკნები,
believe it or not,"გინდ დაიჯერე, გინდა არა",
chemical substances,ქიმიური ნივთიერებები,
illegal substances,არაკანონიერი ნივთიერებები,
take up yoga,დაიწყო სიარული იოგაზე,
take over,გადაბარება,
retire,პენსიაზე გასვლა,
take sb. on,სამსახურში აყვანა,
recruit,სამსახურში აყვანა,
take part,მონაწილეობის მიღება,
participate,მონაწილეობის მიღება,
I can't tolerate this!,ამას ვერ ავიტან!,
I can't put up with this!,ამას ვერ ავიტან!,
like there was no tomorrow,თითქოს ბოლო დღეა,
craft,ხელობა,
to perfect sth.,დახვეწო რამე,
to bear this,აიტანო ეს,
wasp,"კრაზანა, ბზიკი",
sting,ბზიკის კბენა,
having done this I decided to ...,"გავაკეთე რა ეს, მე გადავწყვიტე ...",
I would smoke every day.,ყოველდღე ვეწეოდი.,
strictly forbidden,მკაცრად აკრძალული,
It's been great to talk to you.,კარგი იყო თქვენთან საუბარი.,
It's been great talking to you.,კარგი იყო თქვენთან საუბარი.,
Don't inhibit me!,ნუ მაკომპლექსებ!,
back-sit-driver,"ვინც გასწავლის ჭკუას, როგორ იარო (მანქანაში)",
do sth at the last minute,გააკეთო რამე ბოლო წუთს,
leave sth to the last minute,მოიტოვო რამე ბოლო წუთისთვის,
I have expensive taste.,მიყვარს ძვირადღირებული ნივთები.,
fluent in English,თავისუფლად საუბარი ინგლისურად,
Keep it up!,ასე გააგრძელე!,
spring,წამოხტომა,
I sprang out of bed.,მე წამოვხტი საწოლიდან.,
This dish is fit for a king.,"ეს ""სამეფო"" კერძია. (ძალიან ძვირი ან მაღალი ხარისხის)",
turn the page,გადაშალე (გვერდი),
Turn the book on page 10.,გადაშალე წიგნი მე-10 გვერდზე.,
keep your promise,შეასრულო დანაპირები,
deliver on your promise,შეასრულო დანაპირები,
a wine taster,"სომალიე, ღვინის დეგუსტატორი",
I have a sweet tooth.,ტკბილეული მიყვარს.,
cannon,ქვემეხი,
drink a toast,შესვა სადღეგრძელო,
propose a toast,შესვა სადღეგრძელო,
collar,საყელო,
with or without you,შენთან ერთად ან შენ გარეშე,
reward,ჯილდო,
award,ჯილდო,
make sth.,აწარმოო რამე,
produce sth.,აწარმოო რამე,
manufacture sth.,აწარმოო რამე,
as for your question,რაც შეეხება თქვენს კითხვას,
concerning your question,რაც შეეხება თქვენს კითხვას,
regarding your question,რაც შეეხება თქვენს კითხვას,
high concentration,კარგი კონცენტრაცია,
understanding,გამგები,
loving,მოსიყვარულე,
caring,მზრუნველი,
in relation to,რაღაცაში მიმართებით,
key factor,მთავარი ფაქტორი,
pain comes and goes,"ხან ამტკივდება, ხან გამივლის",
Do something about it!,რამე უშველე!,
delay action until what is going to happen,"გადადო მოქმედება, სანამ რამე მოხდება",
insider trading,the illegal practice of trading on the stock exchange to one's own advantage through having access to confidential information.,
facts and figures,ზუსტი და დეტალური ინფორმაცია,
fast and furious,სწრაფი მოქმედებები და ცვლილებები,
wait and see,დავიცადოთ და ვნახოთ,
up and down the road,გზაზე გავლა გამოვლა,
you are up bright and early in the morning.,ძალიან ადრე ადექი ამ დილით.,
I love the peace and quiet of the countryside.,მიყვარს სიმშვიდე ქალაქგარეთ.,
in contrast to,შედარებით,
hustle and bustle of city life,ქალაქის ხმაური,
first and foremost,უპირველეს ყოვლისა,
go backwards and forwards,წინ და უკან,
on and off / off and on,"ხან კი, ხან არა",
now and then,დროდადრო,
sick and tired of sth.,"მოგბეზრდეს რამე, ყელში ამოგივიდეს რამე",
word for word,სიტყვა-სიტყვით,
one way or another,"რამენაირად, ასე თუ ისე",
give or take 2 days,პლუს-მინუს 2 დღე,
sooner or later,ადრე თუ გვიან,
foe,მტერი,
perceive,აღქმა,
soothe,დამშვიდება,
calm down,დამშვიდება,
pacify,დამშვიდება,
contamination,დაბინძურება,
pollution,დაბინძურება,
Strength is in unity!,ძალა ერთობაშია!,
tarragon,ტარხუნა,
secret on,,
key to,რამის გასაღები (საწინდარი),Hard work is the key to success
stocks,აქციები,
coincide with sth.,დაემთხვე რამეს,
"are associated with virus, disease",,
agree with sb.,დაეთანხმო ვინმეს,
equip with sth.,აღიჭურვო რამით,
fill with sth.,აავსო რამით,
supply with sth.,მოამარაგო რამით,
supply/demand,მოთხოვნა/მიწოდება,
change planes in Istanbul,გადაჯდომა სტამბულში,
clarify,გარკვევა,
regular customer,მუდმივი კლიენტი,
loyal customer,ერთგული კლიენტი,
5-star hotel,5-ვარსკვლავიანი სასტუმრო,
Be more patient with your children.,უფრო მომთმენი იყავი შენს შვილებთან.,
at the beginning of April,აპრილის დასაწყისში,
give a lesson,ჩაატარო გაკვეთილი,
similarities and differences,მსგავსებები და განსხვავებები,
ethnic minorities,ეთნიკური უმცირესობები,
I don't speak a word of Chinese.,ჩინურის გარტყმაში არ ვარ.,
sweat like crazy,ძალიან ოფლიანობა,
I got my tooth out/extracted.,კბილი ამოვიღე.,
beauty salon,სილამაზის სალონი,
hair salon,სილამაზის სალონი,
meet the requirements,დააკმაყოფილო მოთხოვნები,
vivid imagination,კარგი წარმოსახვის უნარი,
Vice President,ვიცე პრეზიდენტი,
deputy CEO,აღმასრულებელი დირექტორის მოადგილე,
It completely slipped my mind to call you.,"სულ გადამავიწყდა, რომ დამერეკა.",
vulnerable,"მოწყვლადი, დაუცველი",
button up,ღილების შეკვრა,
unbutton,ღილების გახსნა,
zip up,ელვის შეკვრა,
unzip,ელვის გახსნა,
like minded people,ერთნაირი შეხედულებების მქონე ადამიანები,
medical condition,სამედიცინო მდგომარეობა,
AC (air conditioner),კონდიციონერი,
AI (artificial insemination),ხელოვნური განაყოფიერება,
AI (artificial intelligence),ხელოვნური ინტელექტი,
clinical studies,კლინიკური კვლევები,
speed up,აჩქარება,
accelerate,აჩქარება,
assertive,"მიმწოლი, თავდაჯერებული",
pushy,"მიმწოლი, თავდაჯერებული",
ingratitude,უმადურობა,
genuine quiet,სრული სიჩუმე,
detrimental,დამანგრეველი,
de-stressing,სტრესის მომხსნელი,
prescription medications,გამოწერილი წამლები,
personal matters,პირადი საქმეები,
nod,თავის დაკვრა,
cheer sb. up,გაამხნევო ვინმე,
insensitive,უგრძნობი,
sensible,გონივრული,
sensitive,მგრძნობიარე,
cheerful,მხიარული,
cheers,"გაგვიმარჯოს, ნახვამდის, მადლობა",
sympathetic,თანამგრძნობი,
sympathy,თანაგრძნობა,
crack,"ბზარი, გაბზარვა",
let sb. down,დააღალატო ვინმე,
What a shame!,რა სამწუხაროა!,
What a pity!,რა სამწუხაროა!,
unreliable,არასანდო,
envious,შურიანი,
I'm envious of you.,მშურს შენი.,
I'm jealous of you.,ვეჭვიანობ შენზე.,
polite,ზრდილობიანი,
impolite,უზრდელი,
gently,ნაზად,
put off,გადადება (მომავლისთვის),
put sb. off,განიზიდო ვინმე,
get on sb's nerves,მოუშალო ვინმეს ნერვები,
I'm fed up with you!,ყელში ამომიხვედი!,
twinges of conscience,სინდისის ქენჯნა,
jokes aside,ხუმრობა იქითი იყოს,
go off,"გაფუჭება (საჭმლის), ვადის გასვლა, აფეთქება (ბომბის)",
play,პიესა,
curtain goes up,ფარდის აწევა (თეატრში),
concern,"ნერვიულობა, შეშფოთება",
concerning,რაც შეეხება,
go down with [virus],ჩაწვე (ვირუსის გამო),
asthma,ასთმა,
in completely the wrong way,სრულიად არასწორი გზით,
convent,დედათა მონასტერი,
principal,"ძირითადი, მთავარი, სკოლის დირექტორი",
rags,ძონძები,
filthy,ბინძური,
sari,სარი (ქალის ტრადიციული სამოსი ინდოეთში),
in the slums,ღარიბულ უბანში ან ქუჩაზე,
mourn,გლოვა,
numerous,"ძალიან ბევრი, მრავალრიცხოვანი",
binoculars,ბინოკლი,
disposable,ერთჯერადი,
thus,"ამგვარად, ასე რომ",
visor,ვიზორი,
waist,წელი (ადამიანის),
ankle,კოჭი (ტერფსა და წვივს შორის),
devise,"დაგეგმვა, გამოგონება",
encompass,მოიცავს,
forewarned of sth.,წინასწარ გაფრთხილებული რაღაცაზე,
fruition,"განხორციელებული, რეალიზებული",
grimy,ჭუჭყიანი,
tuck,"შეყოფა, დამალვა",
stink out,აყროლება,
squint,თვალების მოჭუტვა,
lean,"დახრა, გადახრა",
hum,გუგუნი,
wobble,რხევა,
thigh,ბარძაყი,
meld,შერწყმა,
tune,მელოდია,
fare,ტრანსპორტში გადასახდელი ფული,
slack-jawed,პირდაღებული,
flourish,"აყვავება, გაქნევა",
squeeze,"გაჭყლეტვა, გამოწურვა",
squash,"გაჭყლეტვა, გამოწურვა",
stoop,დახრა,
neck and neck,ერთნაირ დონეზე,
sway,"რხევა, ქანაობა",
half-glance,ცალი თვალით შეხედვა,
underline sth.,ხაზი გაუსვა რამეს,
Does it make any difference?,არის რამე განსხვავება?,
"What you give away is yours, and what you don't is not.","რასაც გასცემ შენია, რასაც არა - არა.",
Don't exaggerate!,ნუ აზვიადებ!,
I have a degree in Marketing.,მე მაქვს ხარისხი მარკეტინგში.,
The ancient Greece,ძველი საბერძნეთი,
Get lost!,დამეკარგე აქედან!,
lottery,ლატარია,
high standards,მაღალი სტანდარტები,
lost and found,დაკარგული ნივთები,
lotus,ლოტუსი,
We are in nature.,ჩვენ ვართ ბუნებაში.,
air tickets,ავია ბილეთები,
table spoon,სუფრის კოვზი,
tea spoon,ჩაის კოვზი,
dessert spoon,დესერტის კოვზი,
Don't confuse me!,ნუ მაბნევ!,
Don't complicate things!,ნუ ართულებ!,
have a beard,გქონდეს წვერი,
cosmos,კოსმოსი,
space,კოსმოსი,
Can you make this exception for me?,შეგიძლია გამონაკლისი დაუშვა ჩემთვის?,
I'm new to,ახალი ვარ,
important to us,მნიშვნელოვანი ჩვენთვის,
eyelashes,წამწამები,
eyebrows,წარბები,
nostrils,ნესტოები,
armpit,იღლია,
to gain sb's trust,მოიპოვო ვინმეს ნდობა,
acceleration,აჩქარება,
because of this,ამის გამო,
due to this,ამის გამო,
owing to this,ამის გამო,
Prove to me!,დამიმტკიცე!,
edition,გამოცემა,
addition,დამატება,
How comfortable a chair is this!,რა კომფორტული სკამია!,
even if you apologized to me,მაშინაც კი თუ ბოდიშს მომიხდი,
Poland / Polish,"პოლონეთი / (პოლონური, პოლონელი)",
Portugal / Portuguese,"პორტუგალია / (პორტუგალიური, პორტუგალიელი)",
Qatar / Qatari,"ყატარი / (ყატარული, ყატარელი)",
Romania / Romanian,"რუმინეთი / (რუმინული, რუმინელი)",
Iraq / Iraqi,"ერაყი / (ერაყული, ერაყელი)",
Azerbaijan / Azerbaijani,"აზერბაიჯანი / (აზერბაიჯანული, აზერბაიჯანელი)",
on this list,ამ სიაში,
on this team,ამ გუნდში,
Spain / Spanish,"ესპანეთი / (ესპანური, ესპანელი)",
Mexico / Mexican,"მექსიკა / (მექსიკური, მექსიკელი)",
there's no such language,ასეთი ენა არ არსებობს,
The Russian Federation,რუსეთის ფედერაცია,
The United Kingdom,გაერთიანებული სამეფო,
The Czech Republic,ჩეხეთის რესპუბლიკა,
Denmark,დანია,
The Gulf of Mexico,მექსიკის ყურე,
bay,უბე (ყურე),
Malta,მალტა,
Hungary / Hungarian,"უნგრეთი / (უნგრული, უნგრელი)",
Ukraine / Ukrainian,"უკრაინა / (უკრაინული, უკრაინელი)",
The USA,ა.შ.შ,
The United Arab Emirates,არაბთა გაერთიანებული საემიროები,
The Philippines,ფილიპინები,
slope,"დახრილობა, მხები, სათხილამურო გზა",
priesthood,მღვდლობა,
milk this cow,მოწველე ეს ძროხა,
Dutch,ჰოლანდიური,
Iran / Iranian,"ირანი / (ირანული, ირანელი)",
Turkey / Turkish,"თურქეთი / (თურქული, თურქი)",
nail polish,ფრჩხილის ლაქი,
It's a pleasure to meet you. - likewise,სასიამოვნოა თქვენთან შეხვედრა. - ასევე,
The pleasure is mine.,ჩემთვისაც სასიამოვნოა.,
I'm hopeless at sth.,ჩაინიკი ვარ რაღაცაში,
scarf,შარფი,
path,ბილიკი,
butcher's,ხორცის მაღაზია,
pork,ღორის ხორცი,
beef,საქონლის ხორცი,
sit opposite me,ჩემს წინ ჯდომა (სახით ჩემკენ),
sit in front of me,ჩემს წინ ჯდომა (ზურგით),
log,მორი,
elevator,ლიფტი,AmE
lift,ლიფტი,BrE
There is no point in doing this.,აზრი არ აქვს ამის კეთებას.,
trading,ვაჭრობა,
don't surrender,არ დანებდე,
throw up / vomit,რწყევა,
cousin,ბიძაშვილი,
In the 16th century,მე-16 საუკუნეში,
whereabouts,ადგილსამყოფელი,
for three days in a row,სამი დღე მიყოლებით,
hostage,მძევალი,
take sb. hostage,მძევლად აყვანა,
demand a ransom,გამოსასყიდის მოთხოვნა,
golf course,გოლფის მოედანი,
do a course in,კურსის გავლა,
palace,სასახლე,
castle,ციხე,
fortress,ციხესიმაგრე,
in other words,სხვა სიტყვებით რომ ვთქვათ,
Shell we drive through this tunnel?,გავიაროთ ამ გვირაბში?,
I don't want to upset you in any way.,"არ მინდა, რომ გაწყენინო რამენაირად.",
violence,ძალადობა,
poverty line,სიღარიბის ზღვარი,
below poverty line,სიღარიბის ზღვარს მიღმა,
raise / bring up,აღზარდო,
I'm dying of thirst.,წყურვილით ვკვდები.,
Shell we cooperate in this direction?,ვითანამშრომლოთ ამ მიმართულებით?,
Let's move on to the next slide.,"მოდი, გადავიდეთ შემდეგ სლაიდზე.",
tyres / tires,ბორბლები,
Tires can extend the life of this car.,ბორბლებს შეუძლია გაზარდოს ამ მანქანის სიცოცხლისუნარიანობა.,
I'll call you within a week.,მაქსიმუმ 1 კვირაში დაგირეკავ.,
When it comes to reading the book...,როცა საქმე ეხება წიგნის კითხვას ...,
take it into account,გაითვალისწინეთ,
take it into consideration,გაითვალისწინეთ,
bear this in mind,გაითვალისწინეთ,
keep this in mind,გაითვალისწინეთ,
demand for,მოთხოვნა რაღაცაზე,
"Can/could/may I speak to Nino, please?",ნინოს სთხოვეთ (ტელეფონზე),
"Hold line, please.",მოითმინეთ (ტელეფონზე),
"Hold on, please.",მოითმინეთ (ტელეფონზე),
devote more time to children,მეტი დრო დაუთმო ბავშვებს,
devote,მიძღვნა,
dedicate,მიძღვნა,
an early night,ადრე დაძინება,
run into sb.,შემთხვევით შეხვედრა,
bump into sb.,შემთხვევით შეხვედრა,
a night out,საღამოს გატარება გასართობად,
pop in,შეუარო ვინმეს ცოტა ხნით,
pop over,შეუარო ვინმეს ცოტა ხნით,
pop round,შეუარო ვინმეს ცოტა ხნით,
just round the corner,აქვე ახლოს,
close by,აქვე ახლოს,
not my cup of tea,ის რაც დიდად არ მიყვარს,
go halves,გადასახადის თანაბრად გაყოფა,
split the bill,გადასახადის თანაბრად გაყოფა,
eat out,რესტორანში ჭამა,
eat in,სახლში ჭამა,
put sb. up,შესთავაზო ვინმეს შენთან დარჩენა ცოტა ხნით,
end up,"აღმოჩნდე სადმე, რამის გაკეთება დაუგეგმავად",
turn out,აღმოჩნდეს,
feel like doing sth.,გინდოდეს რამის გაკეთება,
change hands,მფლობელის შეცვლა,
try sth/sb out,გამოსცადო,
one at a time,"ცალკე, ინდივიდუალურად, რიგ-რიგობით",
jump the queue,გადასწრება რიგში,
push in,გადასწრება რიგში,
packed in like sardines,გადაჭედილი,
take exception to sth.,გაბრაზდე რამეზე,
be asking for trouble,შარზე ყოფნა,
throw sb. out,გაგდება ძალით,
keep away from sb/sth,მოერიდო ვინმეს/რამეს,
I don't approve of sth.,არ ვემხრობი,
consists of,შედგება,
I'm worried about,ვნერვიულობ რამეზე,
stare at,მიშტერება,
argue with sb. about sth.,ეკამათო ვინმეს რამეზე,
arrive in city/country,ჩახვიდე ქალაქში/ქვეყანაში,
arrive at hotel/airport,ჩახვიდე სასტუმროში/აეროპორტში,
When will you get to Georgia?,როდის ჩახვალ საქართველოში?,
stop him from reading,შეაწყვეტინე კითხვა,
prevent him from reading,შეაწყვეტინე კითხვა,
pray to god,ილოცო ღმერთისადმი,
pray for sb.,ილოცო ვინმესთვის,
respond to,"პასუხი გასცე, უპასუხო",
reply to,"პასუხი გასცე, უპასუხო",
intelligent eyes,ჭკვიანი თვალები,
don't be so big headed,ნუ გაქვს დიდი წარმოდგენა საკუთარ თავზე.,
gallant,გალანტური,
I was absent from the event,არ ვესწრებოდი ამ ღონისძიებას,
present at the event,ღონისძიებაზე დასწრება,
innocent of sth.,უდანაშაულო რამეში,
guilty of sth.,დამნაშავე რამეში,
even if you,მაშინაც კი,
fashionably late,მოდურად დაგვიანება,
What is working with Giorgi like?,როგორია გიორგისთან მუშაობა?,
overcome obstacles,გადალახო დაბრკოლებები,
resourceful,პრაქტიკული (ადამიანი),
on this very table,ზუსტად ამ მაგიდაზე,
answer to the question,პასუხი კითხვაზე,
valve,სარქველი,
anatomy,ანატომია,
good news is,კარგი ამბავი არის...,
start a family,შექმნა ოჯახი,
start a car,დაქოქო მანქანა,
achieve results,მიიღო შედეგები,
get results,მიიღო შედეგები,
once and for all,ერთხელ და სამუდამოდ,
win a scholarship,მოიგო სტიპენდია,
ice rink,საციგურაო მოედანი,
action plan,სამოქმედო გეგმა,
Where do you come from?,საიდან ხარ?,
What time will you be here?,რომელ საათზე იქნები აქ?,
parenthood,მშობლობა,
motherhood,დედობა,
childhood,ბავშვობა,
kingship,მეფობა,
It's pointless to do this.,უაზრობაა ამის გაკეთება,
It's no use doing this,უაზრობაა ამის გაკეთება,
There's no point [in] doing this.,უაზრობაა ამის გაკეთება,
It's no good doing this.,უაზრობაა ამის გაკეთება,
governor,"მმართველი, გუბერნატორი",
in pen/pencil,კალმით/ფანქრით,
anchor,"ღუზა, სატელევიზიო პროგრამის წამყვანი",
appliances,"ტექნიკა (საოჯახო, სამზარეულოს)",
line of credit,საკრედიტო ხაზი,
anticipate,"ლოდინი, განჭვრეტა",
rafting,ჯომარდობა,
coutius,ფრთხილი,
verdict,განაჩენი,
I have a sweet tooth,ტკბილეული მიყვარს,
walnut,კაკალი,
hazelnut,თხილი,
securities,ფასიანი ქაღალდები,
moth,"ჩრჩილი, ღამის პეპელა",
irresponsibility,უპასუხისმგებლობა,
it's time for me to learn English,დროა ვისწავლო ინგლისური,
it's time me learnt English,დროა ვისწავლო ინგლისური,
shower cubicle,შხაპის კაბინა,
shower rail,აბაზანის საკიდი,
shower tray,საშხაპე ნიჟარა,
tray,ლანგარი,
kitchen scale,სამზარეულოს სასწორი,
bathroom scale,სასწორი,
comb,სავარცხელი,
blood tests,სისხლის ანალიზი,
flight attendant,ბორტ-გამცილებელი,
universally accepted,საყოველთაოდ მიღებული,
soap dispenser,სასაპნე,
cash dispenser (ATM),ბანკომატი,
all in all,საერთო ჯამში,
on the whole,საერთო ჯამში,
in the middle of nowhere,ჯანდაბაში,
pass the buck,პასუხისმგებლობის სხვაზე გადატანა,
by word of mouth,სიტყვიერად,
Have you long been there?,დიდხანს იყავი იქ?,
Have you been there long?,დიდხანს იყავი იქ?,
faint,გონების დაკარგვა,
lose consciousness,გონების დაკარგვა,
I don't have the faintest idea.,აზრზე არ ვარ,
get me wrong,არასწორად გამიგე,
misunderstand me,არასწორად გამიგე,
pay sb. a compliment,კომპლიმენტის თქმა ვინმეზე,
he complimented me,"მან კომპლიმენტი მითხრა, შემაქო",
complements,"უხდება, ავსებს",
resolve a conflict,კონფლიქტის მოგვარება,
pricey,ძვირი,
I'm snowed under with work at the moment.,საქმეს ვერ ავუდივარ,
have a soothing effect on sth.,დამამშვიდებელი ეფექტი,
a positive effect,დადებითი ეფექტი,
a negative effect,უარყოფითი ეფექტი,
e detrimental effect,დამანგრეველი ეფექტი,
angle,კუთხე,
turn the volume up/down,ხმას აუწიე/დაუწიე (ტელევიზორზე),
speak up,ხმას აუწიე (ლაპარაკისას),
achieve success,მიაღწიო წარმატებას,
a sense of achievement,მიღწევის გრძნობა,
bribe,ქრთამი,
have an account with the bank,გქონდეს ანგარიში ბანკში,
destiny,ბედისწერა,
fate,ბედი,
faith,რწმენა,
never mind,არა უშავს,
it's ok,არა უშავს,
firewood,შეშა,
make a bonfire,დაანთო კოცონი,
make a fire/bonfire,დაანთო ცეცხლი,
light a fire,დაანთო ცეცხლი,
humidity,ტენიანობა,
corn,სიმინდი,AmE
maize,სიმინდი,BrE
wrestling,ჭიდაობა,
altitude,სიმაღლეზე,
sneakers,ბოტასები,ამერიკული
trainers,ბოტასები,ბრიტანული
running shoes,სარბენი ბოტასები,
contemporary,თანამედროვე,
modern,თანამედროვე,
discourage,გადააფიქრებინო,
on our agenda,დღის წესრიგში,
on the farm,ფერმაში,
on the internet,ინტერნეტში,
on the menu,მინიუში,
on the team,გუნდში,
sketch,ესკიზი,
hopeless,უიმედო,
words of encouragement,წამახალისებელი სიტყვები,
overhear,ყური მოკრა რამეს,
enslave,დაამონო ვინმე,
I'm done with my homework,მოვრჩი დავალებას,
jet lag,რამდენიმე დროით სარტყელში მოგზაურობის შედეგად გამოწვეული დაღლილობა და სხვა ფიზიკური ნიშნები,
accomplish,"მიაღწიო, შეასრულო",
in any case,ასევე (also),
a case in point,"მაგალითი, რომელიც ადასტურებს იმას, რასაც ამბობ",
as the case might be,რაც არ უნდა მოხდეს,
whatever the case might be,რაც არ უნდა მოხდეს,
case the joint,გაქურდვის მიზნით ადგილის დაზვერვა,
ruin/wreck the career,კარიერის დანგრევა,
international observers,საერთაშორისო დამკვირვებლები,
to be rigged,გაყალბება,
you lack confidence,შენ გაკლია თავდაჯერებულობა,
cash the check,ჩეკის განაღდება,
locate sth.,ადგილმდებარეობის განსაზღვრა,
take a lie detector test,გაიარო სიცრუის დეტექტორის ტესტი,
withdraw from a contest,გამოხვიდე კონკურსიდან,
chase,"დადევნება, გამოკიდება",
follow me,უკან გამომყევი,
follow the instructions,მიყევი ინსტრუქციებს,
a police car is chasing us,პოლიცია მოგვდევს,
we are being chased,ჩვენ მოგვდევენ,
spotted,კოპლებიანი,
ponytail,უკან შეკრული თმები,
fold your arms,ხელების მკერდზე გადაჯვარედინება,
do a poll,გამოკითხვის ჩატარება,
conduct a poll,გამოკითხვის ჩატარება,
carry out a poll,გამოკითხვის ჩატარება,
in my humble opinion,ჩემი მოკრძალებული აზრით,
obey,დაემორჩილო,
observe,დაკვირვება,
oppose,წინააღმდეგობის გაწევა,
open,"გახსნა, გაღება",
order,შეკვეთა,
obligate,დავალიანება,
own,ფლობა,
orchestrate,ორკესტრირება,
omit,გამოტოვება,
operate on,ოპერაციის გაკეთება (ქირურგიული),
oppress,დაჩაგვრა,
overestimate,გადაჭარბებული შეფასება,
optimise,ოპტიმიზაცია,
organize,ორგანიზება,
take a test,გაიარო ტესტი,
in detail,დეტალურად,
suggest doing sth.,შეთავაზება,
in charge of sth.,რაღაცა გაბარია,
leave sth. out,გამოტოვო რამე,
terminate a contract,კონტრაქტის შეწყვეტა,
chair a meeting,უხელმძღვანელო შეხვედრას,
let's bring this meeting to a close,მოდი დავასრულოთ შეხვედრა,
clash of cultures,კულტურების შეჯახება,
vast majority,უდიდესი უმრავლესობა,
repel an attack,მოიგერიო შეტევა,
we are having problems,პრობლემები გვაქვს (ახლა),
streamline,დახვეწო ბიზნეს პროცესები,
address sb.,მიმართო ვინმეს,
pigtales,კიკინები,
wear sth. to this meeting,ჩაიცვა რამე ამ შეხვედრისთვის,
expel sb from a country,გაძევება ქვეყნიდან,
note taking skills,ჩანაწერების გაკეთების უნარები,
take notes,ჩანაწერების გაკეთება,
these days,"ამ დღეებში, დღესდღეობით",
nowadays,"ამ დღეებში, დღესდღეობით",
in this industry,ამ დარგში,
in this field,ამ სფეროში,
differentiate A from B,გაარჩიო A და B,
differentiate between A and B,გაარჩიო A და B,
make history,შექმნა ისტორია,
situational intelligence,სიტუაციური ინტელექტი,
ancestors,წინაპრები,
descendants,შთამომავლები,
fiance,საქმრო,
fiancee,საცოლე,
to be engaged to,იყო დანიშნული ვინმეზე,
snob,სნობი,
snobbery,სნობობა,
flip a coin,მონეტის აგდება,
toss a coin,მონეტის აგდება,
badminton,ბადმინტონი,
football pitch,ფეხბურთის მოედანი,
pitch,"ტონალობა, ტემბრი",
unfortunately,"საუბედუროდ, სამწუხაროდ",
sadly,"საუბედუროდ, სამწუხაროდ",
fortunately,საბედნიეროდ,
luckily,საბედნიეროდ,
puddles,გუბეები,
your books are all over the place,შენი წიგნები ყველგანაა,
wise words,ბრძნული სიტყვები,
involve,მოიცავს,
my job involves sending mails,ჩემი სამუშაო მოიცავს მეილების გაგზავნას,
vague,ბუნდოვანი,
vogue,მოდა,
copyright materials,საავტორო უფლებების ქვეშ მასალები,
every other day,დღეგამოშვებით,
the other day,"ამას წინათ, იმ დღეს",
insult,შეურაცხყოფა მიაყენო,
offend,შეურაცხყოფა მიაყენო,
upset,აწყენინო,
out of kindness,სიკეთის გამო,
curiosity,ცნობისმოყვარეობა,
for a change,ცვლილებებისთვის (მაგ. სხვა რესტორანში წასვლა),
open to changes,გახსნილი ცვლილებებისთვის,
slavery,მონობა,
bribery,მექრთამეობა,
bravery,სიმამაცე,
ask around,გაიკითხე,
call around,ჩამორეკე,
liquid assets,ლიკვიდური აქტივები,
illiquid assets,არალიკვიდური აქტივები,
turn into a monster,გადაიქცე მონსტრად,
don't get tired,არ დაიღალო,
don't get confused,არ დაიბნე,
don't get angry,არ გაბრაზდე,
I'm used to getting up early in the morning.,დილით ადრე ვდგები ხოლმე,
spontaneous kindness,სპონტანური სიკეთე,
as I was having breakfast,"ვსაუზმობდი რა, ...",
on TV,ტელევიზორში,
on the TV,ტელევიზორზე,
you showed bravery yesterday and it was beautiful to look at.,გუშინ სიმამაცე გამოიჩინე და ლამაზი სანახავი იყო.,
it was nice to hear,კარგი (სასიამოვნო) მოსასმენი იყო,
spontaneously,სპონტანურად,
gift shop,საჩუქრების მაღაზია,
interviewee,რესპოდენტი,
trainee,"სტაჟიორი, დასატრენინგებელი",
about,"შესახებ, დაახლოებით",
I was about to call you.,მე უკვე ვაპირებდი დარეკვას შენთან.,
on the beach,პლაჟზე,
at the beach,პლაჟზე,კონკრეტულ პლაჟზე
stock exchange,საფონდო ბირჟა,
convenient,მოსახერხებელი,
invest money in the company,დააბანდო ფული კომპანიაში,
I have much business,ბევრი საქმე მაქვს,
I have 3 businesses in Italy,3 ბიზნესი მაქვს იტალიაში,
2 woods,ორი ტყე,
made of wood,"ხისგან დამზადებული (როცა ჩანს, რომ ხისგან არის გაკეთებული)",
made from wood,"ხისგან დამზადებული (როცა არ ჩანს, რომ ხისგან არის დამზადებული)",
Paper is made from wood.,ქაღალდი ხისგან არის დამზადებული.,
put sth. into practice,პრაქტიკაში გადატანა,
like,როგორიცაა,
such as,როგორიცაა,
low-quality materials,დაბალი ხარისხის მასალები,
"further to our meeting yesterday, I'm writing to confirm my readiness to help you any time.","ჩვენს გუშინდელ შეხვედრასთან დაკავშირებით, გწერთ, რომ დაგიდასტუროთ ჩემი მზადყოფნა, დაგეხმარეოთ ნებისმიერ დროს.",
require,გჭირდება,
take a 5-minute break,5 წუთი შევისვენოთ,
much experience,დიდი გამოცდილება,
I'd like to take this opportunity and thank for your support.,მინდა ვისარგებლო ამ შესაძლებლობით და მადლობა გადაგიხადოთ თქვენი მხარდაჭერისთვის.,
How many people were there in this room yesterday?,რამდენი ადამიანი იყო ამ ოთახში გუშინ?,
How many people will there be in this room tomorrow?,რამდენი ადამიანი იქნება ამ ოთახში ხვალ?,
The more you speak the more mistakes you will make.,"რაც უფრო მეტს ილაპარაკებ, მით უფრო მეტ შეცდომას დაუშვებ.",
The colder it is the more likely you are to catch a cold.,"რაც უფრო ცივა, მით უფრო ადვილად გაცივდები.",
"The less money you have, the fewer problems you have.","რაც უფრო ცოტა ფული გაქვს, მით უფრო ცოტა პრობლემა გაქვს.",
The more books you have the more you'll read.,"რაც უფრო მეტი წიგნი გაქვს, მით უფრო მეტს კითხულობ.",
Injury threatened to wreck,,
traffic cone,საგზაო კონუსი,
trade route,სავაჭრო გზა,
ring up an order,შეკვეთის გატარება,
let's split the bill,მოდი თანაბრად გადავიხადოთ,
by secret ballot,ფარული კენჭისყრით,
let's hold the ballot,გავმართოთ კენჭისყრა,
cast your ballots,ხმის მიცემა,
I'm hard up,"უფულო, გაჭირვებული",
I'm skint,"უფულო, გაჭირვებული",
I'm broke,"უფულო, გაჭირვებული",
during his pontificate,პაპის ან ეპისკოპოსის მსახურების დროს,
crusty,"ბუზღუნა, ანჩხლი, ჭირვეული",
grumpy,"ბუზღუნა, ანჩხლი, ჭირვეული",
reduce/lessen the chance of sth.,შანსების შემცირება,
small/slim/slight chance,მცირე შანსი,
crime has spiraled out of control,კრიმინალი ნელ-ნელა გამოვიდა კონტროლიდან,
hard crust,მაგარი ქერქი,
The crux of the problem lies in sth.,მთავარი პრობლემა მდგომარეობს,
a thin-crust pizza,თხელცომიანი პიცა,
at this late hour,გვიან,
be weary of [doing] sth.,მოგწყინდეს რამის კეთება,
toil away,ბევრს ვმუშაობდი,
is conductive to,ხელს უწყობს,
literacy,წერა-კითხვის ცოდნა,
literate,"წერა-კითხვის მცოდნე, განათლებული",
hold sb. in high regard,პატივი სცე ვინმეს,
create tension,დაძაბვა,
a chest of drawers,კომოდი,
be bottom of the class,კლასში ჩამორჩენლი,
flask,კოლბა,
bomb civilian areas,მოსახლეობის დაბომბვა,
check under the hood,"კარგად შემოწმება, შესწავლა",
check under the bonnet,"კარგად შემოწმება, შესწავლა",
preserve objectivity,ობიექტურობის შენარჩუნება,
bonnet,"ქუდი ნიკაპთან შეკრული, კაპოტი",
watch the world go by,ხალხზე დაკვირვება,
worktop,სამუშაო მაგიდა (სამზარეულოში),BrE
counter,სამუშაო მაგიდა (სამზარეულოში),AmE
throw a party,წვეულების გამართვა,
10 minutes late,10 წუთი მაგვიანდება,
in my view,ჩემი შეხედულებით,
fulfill my potential,პოტენციალის მაქსიმალურად გამოყენება,
on average,"საშუალოდ, ზოგადად",
the average age,საშუალო ასაკი,
at 7 sharp,ზუსტად 7 საათზე,
at 7 on the dot,ზუსტად 7 საათზე,
make the most of opportunity,შესაძლებლობის ბოლომდე გამოყენება,
see to sth.,მიხედო რამეს,
dwell on sth.,"აზრები გააჩერო, დიდხანს იფიქრო",
hone your skills,დახვეწყო შენი უნარები,
I laughed my head off,სიცილით მოვკვდი,
cleanliness,სისუფთავე,
cut yourself,გაიჭრა რამე,
burn yourself,დაიწვა რამე,
cracks,ბზარები,
to have good ear,გქონდეს კარგი სმენა (მუსიკალური),
I'm on the spot,მე ადგილზე ვარ,
Chief IT Officer (CITO),IT განყოფილების უფროსი,
cognac,კონიაკი,
Martini,მარტინი,
semi,ნახევრად,
good looks,კარგი გარეგნობა,
washing machine,სარეცხი მანქანა,
washing powder,სარეცხი ფხვნილი,
whose,ვისი,
bishop,ეპისკოპოსი,
I wish there had been more people in this room yesterday.,ნეტა უფრო მეტი ხალხი ყოფილიყო ამ ოთახში გუშინ.,
I want there to be more professionals,"მინდა, რომ უფრო მეტი პროფესიონალი იყოს.",
This wall is being painted.,ეს კედელი იღებება.,
This person has already been operated on.,ამ ადამიანს უკვე ჩაუტარდა ოპერაცია.,
Be more generous with money.,იყავი უფრო გულუხვი ფულთან მიმართებით.,
content with,კმაყოფილი,
satisfied with,კმაყოფილი,
unsatisfied,დაუკმაყოფილებელი,
dissatisfied,უკმაყოფილო,
steel sth. from sb.,მოპარო ვინმეს რამე,
stop sb. from doing sth.,არ გააკეთებინო ვინმეს რამე,
prevent sb. from doing,არ გააკეთებინო ვინმეს რამე,
don't let sb. do sth.,არ გააკეთებინო ვინმეს რამე,
baffled,დაბნეული,
ill-fated,ბედკრული,
smuggler,კონტრაბანდისტი,
mug,თავდასხმა,
homebody,"ადამიანი, რომელსაც უყვარს სახლში ყოფნა",
severe,"მძიმე, მკაცრი, მრისხანე",
itemised list,ჩამოწერილი სია,
possessions,"ქონება, საკუთრება",
possess,ფლობა,
leisure,"თავისუფალი დრო, როცა არ მუშაობ",
idler,"ზარმაცი, უსაქმური",
wear off,"მილევა, შემცირება",
generosity,გულუხვობა,
clarity,სიცხადე,
Julia outlived her husband by 10 years.,"ჯულიამ 10 წლით უფრო მეტი იცოცხლა, ვიდრე მისმა ქმარმა.",
spot,შემჩნევა,
notice,შემჩნევა,
Can you get the phone?,შეგიძლია უპასუხო? (ტელეფონს),
Can you get the door?,შეგიძლიაა გააღო? (კარი),
Someone is at the door.,კარზე ვიღაცაა,
work background,,
We are open throughout the year.,მთელი წელი გახსნილი ვართ.,
We are open all year round.,მთელი წელი გახსნილი ვართ.,
quarter,"კვარტალი, მეოთხედი, 25 ცენტი",
at the supermarket/library,სუპერმარკეტში/ბიბლიოთეკაში,
I see cracks in this wall,მე ვხედავ ბზარს კედელზე.,
lick,ლოკვა,
abbreviation,"შემოკლება, აბრევიატურა",
according to sb.,ვიღაცის მიხედვით,
Have you been to Israel?,ნამყოფი ხარ ისრაელში?,
How spiritual are you?,რამდენად ეკლესიური ხარ?,
How beautifully can you sing?,რა ლამაზად მღერი?,
slow/slowly,ნელი/ნელა,
fast/fast,ჩქარი/ჩქარა,
Mr Smith,მისტერ სმიტ,
Mr John Smith,მისტერ ჯონ სმიტ,
Mr (BrE),მისტერ,
Mr. (AmE),მისტერ,
USA (BrE),აშშ,
U.S.A (AmE),ა.შ.შ.,
take off,"თვითმფრინავის აფრენა, ტანსაცმლის გახდა",
I look forward to seeing you.,ერთი სული მაქვს გნახო.,
bad debts,ცუდი (გადაუხდელი) ვალები,
competitor,კონკურენტი,
competition,შეჯიბრი,
give sb. feedback,უკუკავშირის მიცემა,
overtake,გასწრება,
thankful,მადლობელი (ღმერთის),
grateful,მადლობელი ვინმესი,
crash,"ავარია, შეჯახება, გაკოტრება",
crush,"გაჭყლეტვა, დანაყვა, დამსხვრევა",
I cried my eyes out.,მოვკვდი ტირილით,
I cried my heart out.,მოვკვდი ტირილით,
thorn,ეკალი,
bud,კვირტი,
coal,ქვანახშირი,
prestigious,პრესტიჟული,
buddy,მეგობარი,
get along with sb.,ეწყობოდე ვინმეს კარგად,
get on with sb.,ეწყობოდე ვინმეს კარგად,
I'll take care of it.,მე მივხედავ.,
I'll see to it.,მე მივხედავ.,
"Nice weather, isn't it?","კარგი ამინდია, არა?",
"you will do it, will you?","შენ იზამ ამას, არა? (ირონია)",
"Let's [not] do this, shall we?","მოდი [არ] გავაკეთოთ ეს, არა?",
"you have no money, do you?","არ გაქვს ფული, ხომ?",
"you have got no money, have you?","არ გაქვს ფული, ხომ?",
"Don't smoke, will you?","არ მოწიო, ხომ?",
"There are ..., aren't there?",,
"Play this, will/won't/can/can't/would/wouldn't you?","ითამაშე ეს, ხომ?",
"Everybody loves this, don't they?","ყველას უყვარს ეს, არა?",
"Everything is possible, isn't it?","ყველაფერი შესაძლებელია, არა?",
a fortnight,2 კვირა,
spokesperson,პრეს-სპიკერი,
set sb. free,გაათავისუფლო ვინმე,
keep sb. in captivity,ტყვეობაში ამყოფო ვინმე,
by any chance,შემთხვევით,
sneeze,დაცემინება,
hide from sb.,დაემალო ვინმეს,
toes,ფეხის თითები,
squat,ჩაჯდომა,
freckles,ჭორფლი,
sunscreen,მზის კრემი,
double chin,ღაბაბი,
swallow,"გადაყლაპვა, მერცხალი",
to my surprise,ჩემდა გასაკვირად,
surprisingly,ჩემდა გასაკვირად,
get in touch with sb.,დაუკავშირდე ვინმეს,
What good weather!,რა კარგი ამინდია!,
swap,გაცვლა (ადგილების),
become president,გახდე პრეზიდენტი,არტიკლის გარეშე
punctual,პუნქტუალური,
polkadot,კოპლებიანი,
tartan,კუბოკრული,
striped,ზოლიანი,
I will not reveal my secrets to you.,არ გაგიმხელ ჩემს საიდუმლოს.,
bitter,მწარე,
bitterly,მწარედ,
under anaesthetic,ანესთეზიის ქვეშ,
disengaged,გამოთიშული ჯგუფიდან,
figurative,გადატანითი მნიშვნელობით,
disapproving,"უარყოფითი, გამკიცხავი",
old-fashioned/dated,ძველმოდური,
in current use,მოდაში,
pejorative,დამამცირებელი,
insulting,შეურაცხმყოფელი,
long face,დაღვრემილი სახე,
Never have I seen ...?,,
all of a sudden,უეცრად,
suddenly/unexpectedly,მოულოდნელად,
beat poverty,დაამარცხო სიღარიბე,
switch off,გამოირთო,ადამიანზე
look up to sb.,პატივისცემა ვიღაცის,
do a washing,სარეცხის დარეცხვა,
do a washing up,ჭურჭლის დარეცხვა,
against my principles,პრინციპების საწინააღმდეგო,
by these principles,ამ პრინციპებით,
determined to do sth.,გადაწყვეტილი გქონდეს,
vindication,გამართლება (ბრალდებულის),
disdain,"ზიზღი, არაფრად ჩაგდება",
vital,"სასიცოცხლო, ძალიან მნიშვნელოვანი",
intimidating,დამაშინებელი,
invaluable,ფასდაუდებელი,
intake,"მიღება, ნაკადი (სტუდენტების)",
superb,"საუცხოო, დიდებული",
decent,"წესიერი, ღირსეული, რიგიანი",
onerous,"დამღლელი, შესასრულებლად ძნელი",
blurb,"წიგნის სარეკლამო ანოტაცია, რეცენზია",
advance information sheet (AI/AIS),,
slithering,სრიალი,
literary,ლიტერატურული,
ceaseless,განუწყვეტელი,
bid,შეთავაზება,
sniff out,"აღმოჩენა, პოვნა",
snap up,სწრაფად ყიდვა ან დაჭერა (ჩავლება),
look down on sb.,"ქედმაღლურად შეხედვა, ზიზღით, ზემოდან ყურება",
change dramatically,რადიკალურად შეცვლა,
deal with,გამკლავება,
handle,გამკლავება,
Fill the glass up with wine.,აავსე ჭიქა ღვინით.,
fullstop (BrE),წერტილი,
period (AmE),წერტილი,
She has a period.,მას აქვს ციკლი.,
dot,წერტილი,"საიტებში, მეილებში"
point,წერტილი,გეომეტრიაში
extend credit to sb.,დააკრედიტო,
reference,რეკომენდაცია,
refer to,გადამისამართება,
referee,"რეკომენდატორი, მსაჯი",
I'm about to call you.,ესესაა უნდა დაგირეკო.,
I'm on the point/verge of calling you.,ესესაა უნდა დაგირეკო.,
have an allergy to sth.,გქონდეს ალერგია რამეზე,
brand awareness,ბრენდის ცნობადობა,
riot police,სპეც რაზმი,
riot,ბუნტი,
call an ambulance,დაურეკე სასწრაფოს.,an არტიკლით
call the police,დაურეკე პოლიციას,the არტიკლით
I couldn't help laughing when...,"თავი ვერ შევიკავე სიცილისგან, როცა...",
get to NY,ჩახვიდე ნიუ იორკში,
arrive in NY,ჩახვიდე ნიუ იორკში,
skull,თავის ქალა,
hay,თივა,
hit the hay,"დასაძინებლად წასვლა, გეძინება",
I can't single out 1 book.,ვერ გამოვყოფ ერთ წიგნს.,
Get well soon!,მალე გამოჯანმრთელდი!,
battery is flat,ბატარია დამჯდარია.,
Sicily,სიცილია,
Don't get distracted.,ნუ ცდები. (მოცდენა),
I saw this in your eyes.,თვალებში შეგატყე.,
reciprocated,ნაპასუხები,
contagious,გადამდები (ვირუსი),
shave off,მოიპარსო (წვერი),
You are bleeding from the nose.,ცხვირიდან სისხლი გდის.,
Your nose is bleeding.,ცხვირიდან სისხლი გდის.,
Higher education diploma,უმაღლესი განათლების დიპლომი,
adapt to sth.,მოერგო რამეს,
praise,შექება,
trench,ღრმული,
We were burgled,გაგვძარცვეს,
supply sb. with sth.,მოამარაგო ვინმე რამით,
"The more beautiful your voice is, the more likely you are to be a good vocalist.","რაც უფრო ლამაზია შენი ხმა, მით უფრო კარგი ვოკალისტი იქნები.",
This person is as rich as you [are].,"ეს ადამიანი ისეთივე მდიდარია, როგორიც - შენ.",
high fence,მაღალი ღობე,
tall building,მაღალი შენობა,
tall tree,მაღალი ხე,
Have a nice meal!,გემრიელად მიირთვით!,
Would you like something to eat?,გსურთ რამე მიირთვათ?,
I love Chinese cuisine.,მე მიყვარს ჩინური სამზარეულო,
Are you nuts?!,ხომ არ უბერავ?!,
quite fast,საკმაოდ სწრაფი,
pretty fast,საკმაოდ სწრაფი,
rather difficult,ცოტა არ იყოს ძნელი,
We have not done anything on this front.,ჩვენ არაფერი გაგვიკეთებია ამ მიმართულებით.,
This is our top priority.,ეს არის ჩვენი მთავარი პრიორიტეტი.,
The right decision,სწორი გადაწყვეტილება,
irresponsibility is something I hate.,ის რაც მძულს არის უპასუხისმგებლობა.,
implement sth.,"დანერგო, ჩაუშვა პრაქტიკაში რამე",
ambitiously,ამბიციურად,
shyly,მორცხვად,
angrily,გაბრაზებულად,
to sum up,რომ შევაჯამოთ,
to summarize,რომ შევაჯამოთ,
in conclusion,რომ შევაჯამოთ,
restless,მოუსვენარი,
ungrateful,უმადური,
retail sales,საცალო გაყიდვები,
retailers,საცალო გამყიდველი,
end user,საბოლოო მომხმარებელი,
meet a sales target,შეასრულო გაყიდვების გეგმა,
apparently,როგორც ჩანს,
[as] drunk as a lord,ძალიან მთვრალი,BrE
[as] drunk as a skunk,ძალიან მთვრალი,AmE
How rewarding is your job?,რამდენად სიამოვნების მომტანია შენი საქმე?,
strengths and weaknesses,სიძნელეები და სისუსტეები,
He has a great personality.,მაგარი პიროვნებაა.,
"It's for you, it's urgent.","შენ გთხოვენ, სასწრაფოა.",
traitor,მოღალატე,
account for sth.,ახსნა,
explain,ახსნა,
act on sth.,იმოქმედო რჩევის ან რამის საპასუხოდ,
add on sth.,"მიამატო, მიათვალო",
add up to sth.,"შეადგინა, გამოვიდა",
answer to a description,პასუხობს აღწერას,
ask in,შემოპატიჟება,
ask out,სთხოვო ვინმეს გამოგყვეს,
back away,უკან დახევა,
retreat,უკან დახევა,
back down,კამათისას დათმო პოზიცია,
back out,"გადაგდება (ადამიანის), პირობის დარღვევა",
back sb. up,"მხარის აბმა, მხარდაჭერა",
wood,პატარა ტყე,
forest,დიდი ტყე,
well-rounded,მრავალმხრივ განათლებული,
We should put an end to this.,ბოლო უნდა მოვუღოთ ამას.,
habits,ჩვევები,
slim,გამხდარი ადამიანი,
skinny,ძალიან გამხდარი (უარყოფითი გაგება),
bonny,ძალიან გამხდარი (უარყოფითი გაგება),
disastrous,"კატასტროფული, დამღუპველი",
scandalous,სკანდალური,
mountainous,მთიანი,
hand-held,ხელში საჭერი (მოწყობილობა),
spoiled/spoilt,გაფუჭებული,
demolish,"დანგრევა, დემონტაჟი",
fireplace,ბუხარი,
collect dust,მტვრის დაგროვება,
get dusted,მტვრის დაგროვება,
forthcoming,ახლო მომავალში დაგეგმილი რამე,
conceal,დამალვა,
bisect,ორად გაყოფა,
hygiantic,ჰიგიენური,
deplete,ამოწურვა (მარაგების),
cease,"შეწყვეტა, დასრულება",
official statement,ოფიციალური განაცხადი,
to state,განაცხადო,
official,"ჩინოსანი, ოფიციალური პირი",
work experience,სამუშაო გამოცდილება,
pea,ბარდა,
roast,შემწვარი (ღუმელში),
roasted,შემწვარი (ღუმელში),
fried,"შემწვარი (ცხიმში, ზეთში)",
I'm at your disposal,შენს განკარგულებაში ვარ,
glide,"ფრენა, ნარნარი, სრიალი, ცურვა (ძალისხმევის გარეშე)",
cockpit,პილოტის კაბინა,
gondola,გონდოლა,
discriminate against sb.,დისკრიმინაცია გაუწიო ვინმეს,
tell a white lie,მოტყუება კარგი მიზნით,
"grind (ground, ground)",დაფქვა,
grinder,საფქვავი,
chubby,"მსუქანი, პუტკუნა (ლოყები)",
paunch,დიდი ღიპი (კაცზე),
discreetly,"ჩუმად, მალულად, თავშეკავებულად, ფრთხილად",
excessive,"მეტისმეტი, გადაჭარბებული",
implication,"ფარული აზრი, დასკვნა",
creep,"ჩუმად, შეუმჩნევლად სიარული",
stroll,სეირნობა სიამოვნების მიზნით,
limp,ნელა და გაჭირვებით სიარული ერთი ფეხის ტკივილის გამო,
stagger,"ბარბაცი, ლასლასი, ძლივს სიარული",
hike,ლაშქრობა,
march,მარში,
dash,სწრაფად და უეცრად გაქცევა,
gallop,გაჭენება (ცხენის),
charge,"შეტევაზე გადასვლა სწრაფად, იერიშის მიტანა",
jog,"სირბილი, ძუნძული",
genetics,გენეტიკა,
By 7 o'clock I will have done everything.,7 საათისთვის ყველაფერი მზად მექნება.,
plug in your laptop,შეაერთე შენი ლეპტოპი (დენში).,
connect this camera to your laptop.,შეაერთე ეს კამერა შენს ლეპტოპში.,
rope,თოკი,
nuclear family,"ოჯახი (მხოლოდ დედა, მამა და შვილები)",
extended family,დიდი ოჯახი,
self-discipline,თვით დისციპლინა,
discourage sb. from doing sth.,გადააფიქრებინო ვინმეს რამის გაკეთება,
talk sb. into doing sth.,"წაახალისო, დაარწმუნო ვინმე რამე გააკეთოს",
talk sb. out of doing sth.,გადააფიქრებინო ვინმეს რამის გაკეთება,
When did you last call me?,ბოლოს როდის დამირეკე?,
When was the last time when you called me?,ბოლოს როდის დამირეკე?,
merits,"დამსახურება, კარგი თვისებები",
overwhelming,"აბსოლუტური, ძალიან დიდი, უთვალავი, ჭარბი, უამრავი",
overwhelm,"წალეკვა, დატბორვა, დაძლევა, განადგურება",
wage,ხელფასი (არა ფიქსირებული),
a few days ago,რამდენიმე დღის წინ,
couple of days ago,რამდენიმე დღის წინ,
several days ago,რამდენიმე დღის წინ,
The Bible,ბიბლია,
The statue of Liberty,თავისუფლების ქანდაკება,
The Louvre,ლუვრი,
Do you take credit cards?,იღებთ საკრედიტო ბარათებს?,
Do you accept credit cards?,იღებთ საკრედიტო ბარათებს?,
popular with sb.,პოპულარულია,?
splash your face with water,შეისხა წყალი სახეზე,
flat-screen TV,ბრტყელეკრანიანი,
creamy,კრემიანი,
disinterested,არადაინტერესებული მხარე,
stem,"ფუძე (სიტყვის), ღერო",
stick,მიწეპება,
in this photo/picture,ამ სურათში,
by 7%,7%-ით,
by mistake,შეცდომით,
by chance,შემთხვევით,
by accident,შემთხვევით,
be hard of hearing,ყურთ გაკლდეს,
people with disabilities,შეზღ. შესაძლებლობის მქონე პირები (შშმ პირები),
enderly,ხანში შესული ადამიანები,
in my opinion,ჩემი აზრით,
to my mind,ჩემი აზრით,
with the help of this,ამის დახმარებით,
using this,ამის დახმარებით,
What a bummer!,რა თავის სატკივარია!,
pepper,პილპილი,
pepper sb. with questions,დააყარო ვინმეს კითხვები,
hang in the balance,გაურკვეველია,
foster,ხელის შეწყობა,
foster parents,მეურვე საზღვარგარეთ,
Smile at me.,გამიღიმე.,
Aim at me.,დამიმიზნე.,
if necessary,თუ საჭიროა,
it's a lot better,ბევრად უკეთესია,
it's far better,ბევრად უკეთესია,
it's much better,ბევრად უკეთესია,
it's way better,ბევრად უკეთესია,
crime rate,კრიმინალის დონე,
cast a spell on sb.,"დაწყევლო ვინმე, ჯადო გაუკეთო ვინმეს",
We are stuck in traffic.,საცობში ვართ გაჭედილი.,
We are stuck in a traffic jam.,საცობში ვართ გაჭედილი.,
glare at sb.,უბღვირო ვიღაცას,
what are my chances of,რა შანსები მაქვს?,
no matter what,რაც არ უნდა მოხდეს,
dome,გუმბათი,
hoarding,ბილბორდი,
billboard,ბილბორდი,
flagpole,დროშის ბოძი,
flagstaff,დროშის ბოძი,
alley,"შესახვევი, ვიწრო ადგილი შენობებს შორის",
awning,ფარდული,
arcade,თაღი,
market stall,სავაჭრო დახლი,
postbox,საფოსტო ყუთი,
letter box,საფოსტო ყუთი,
mailbox,საფოსტო ყუთი,
busker,ქუჩის მუსიკოსი,
bollard,ბოძკინტი,
litter bin,ნაგვის ურნა,
trash can,ნაგვის ურნა,
pedestrian precinct,სასერინო ხეივანი,BrE
pedestrian mall,სასერინო ხეივანი,AmE
railings,მოაჯირი,
pavement,ტროტუარი,
sidewalk,ტროტუარი,
kerb,"ტროტუარის კიდე, ბორდიური",
curb,"ტროტუარის კიდე, ბორდიური",
pedestrian crossing,ზებრა გადასასვლელი,
crosswalk,ზებრა გადასასვლელი,
high street,მთავარი ქუჩა,
main street,მთავარი ქუჩა,
copse,ბუჩქნარი,
furrow,ნახნავის კვალი,
polytunnel,სათბური,
pasture,საძოვარი,
crops,მარცვლეული,
orchard,ხეხილის ბაღი,
stile,საფეხური ღობეზე გადასასვლელად,
silo,"სილოსი, მარცვლეულის შესანახი კოშკი",
stable,თავლა,
pond,"გუბურა, ტბორი, აუზი",
meadow,მდელო,
marsh,ჭაობი,
reeds,"ლერწამი, ჩალა",
barn,"ბეღელი, ბოსელი, ფარეხი, ფარდული",
ditch,"არხი, თხრილი",
livestock,შინაური საქონელი (მსხვილფეხა),
career move,კარიერული სვლა,
allocate resources,"რესურსების მობილიზება, გამოყოფა",
keep me posted,საქმის კურსში მამყოფე,
How many people can this bus sit?,რამდენ ადამიანს დაიტევს ეს ავტობუსი?,
reason for this,ამის მიზეზი,
CV,"""სივი"", რეზიუმე",BrE
resume,"""სივი"", რეზიუმე",AmE
in the street,ქუჩაში,BrE
on the street,ქუჩაში,AmE
at 2 Kartozia street,კარტოზიას 2 ნომერში,
sales figures,გაყიდვების მონაცემები,
Annunciation,ხარება,
aim,მიზანი,
objective,მიზანი,
goal,მიზანი,
purpose,მიზანი,
work under sb.,მუშაობდე ვიღაცის დაქვემდებარებაში,
This table is of low quality.,ეს მაგიდა არის დაბალი ხარისხის.,
yet another,მორიგი,
behave yourself,მოიქცე წესიერად,
definitely,უეჭველად,
Can I have a look at your passport?,"თქვენი პასპორტი, თუ შეიძლება!",
building materials,სამშენებლო მასალები,
construction materials,სამშენებლო მასალები,
slip,ფეხის მოცურება,
go on at sb.,გააკრიტიკო ვინმე,
Don't go on at me!,არ გამაკრიტიკო!,
biodiversity,ბიომრავალფეროვნება,
legislation,კანონმდებლობა,
legislator,კანონმდებელი,
neighboring countries,მეზობელი ქვეყნები,
at times,ზოგჯერ,
sometimes,ზოგჯერ,
I want to take this opportunity and thank you.,"მინდა, ვისარგებლო ამ შესაძლებლობით და მადლობა გადაგიხადოთ.",
emphasize sth.,ხაზი გაუსვა რამეს,
of all the projects I have worked on...,"ყველა ამ პროექტიდან, რომელზეც მიმუშავია...",
by doing this,ამის გაკეთებით,
say hello to sb.,მიესალმე,
greet,მიესალმე,
say hi to sb.,მომიკითხე ვინმე,
Make yourself at home.,"თავი ისე იგრძენი, როგორც საკუთარ სახლში.",
mutual trust,ურთიერთ ნდობა,
You stand no chance.,შანსი არ გაქვს.,
amount to,შეადგენს,
be past due,დიდი ხნით ჩამორჩენა,
is due,უწევს,
You are going to have a baby.,ბავშვი გეყოლებათ.,
invoice,"ანგარიშ-ფაქტურა, ინვოისი",
outstanding balance,გადაუხდელი (უარყოფითი) ბალანსი,
owe,გმართებს,
How much do I owe you?,შენი რამდენი მმართებს?,
owing this,ამის გამო,
overdue payments,გადაუხდელი თანხა,
willpower,ნებისყოფა,
minuscule,ძალიან პატარა,
mire,"დიდი, ღრმა ტალახი",
The mire,"ცუდი ან რთული სიტუაცია, რომლიდანაც ვერ გამოდიხარ",
mirth,"ბედნიერება, მხიარულება, სიხარული",
miscarry,აბორტი (ნაყოფის),
minder,პირადი მცველი,
bodyguard,პირადი მცველი,
mind out!,ფრთხილად! ყურადღებით იყავი!,
be careful!,ფრთხილად! ყურადღებით იყავი!,
mince,ხორცის დაჭრა თხელ ნაჭრებად (ძირითადად მანქანით),
mincer,ხორცის თხელ ნაჭრებად საჭრელი მანქანა,
migraine,"შაკიკი, ძლიერი თავის ტკივილი",
condemn,დაგმობა,
obesity,სიმსუქნე,
inkpot,სამელნე,
rent sth. out,რამის გაქირავება,
This factory is being built.,ეს ქარხანა შენდება,
This factory is under construction.,ეს ქარხანა შენდება,
enjoy from sth.,მიიღო სიამოვნება რამისგან,
I admire John.,ვგიჟდები ჯონიზე.,
undesirable effects,არასასურველი ეფექტები,
take sb's blood pressure,გაუზომო ვინმეს წნევა,
take sb's temperature,გაუზომო ვინმეს სიცხე,
scold sb.,გაკიცხო ვინმე,
tell sb. off,გაკიცხო ვინმე,
say sorry for sth.,ბოდიში მოიხადო რაღაცისთვის,
apologize for sth.,ბოდიში მოიხადო რაღაცისთვის,
membership fee,საწევრო გადასახადი,
contribution to my success,წვლილი ჩემს წარმატებაში,
journal,ჟურნალი (სამეცნიერო),
magazine,ჟურნალი (ყვითელი პრესა),
lorry,სატვირთო მანქანა,BrE
truck,სატვირთო მანქანა,AmE
fire engine,სახანძრო მანქანა,BrE
fire truck,სახანძრო მანქანა,AmE
break a law,დაარღვიო კანონი,
heart rate,გულისცემის რაოდენობა წუთში (სიხშირე),
a law-abiding citizen,კანონმორჩილი მოქალაქე,
abide by sth.,იხელმძღვანელო რაღაცით,
I reserve the right to do this any time.,"მე ვიტოვებ უფლებას, გავაკეთო ეს ნებისმიერ დროს.",
publishing house,სტამბა,
As I was giving a lesson I heard a strange noise.,"ვატარებდი რა გაკვეთილს, მე გავიგე უცნაური ხმა.",
"However good your English might be, you can still hearn much at KTC.","რაც არ უნდა კარგად იცოდე ინგლისური, მაინც შეგიძლია ისწავლო უფრო მეტი KTC-ში.",
It has been raining non stop for 3 hours.,სამი საათია გადაუღებლად წვიმს.,
how long has not it rained?,"რამდენი ხანია, არ უწვიმია?",
Put away these books.,გაწიე ეს წიგნები.,
We are moving in.,"ვსახლდებით, შევდივართ",
We are moving out.,გამოვდივართ (გადასახლება სხვაგან),
How long have they been going out?,"რამდენი ხანია, რაც ისინი ხვდებიან ერთმანეთს?",
bypath,შემოვლითი გზა,
Kindness is a good quality.,სიკეთე არის კარგი თვისება,
business term,ბიზნეს ტერმინი,
term,სემესტრი,
catch a taxi,დაიჭირო ტაქსი,
cleaner,დამლაგებელი,
lead a double life,ეწეოდე ორმაგ ცხოვრებას,
double decker,ორსართულიანი ავტობუსი,
love rat,"მოღალატე (მეუღლე, საყვარელი)",
take my word for it,დამიჯერე,
double check,კარგად შემოწმება (ორჯერ შემოწმება),
tell tales,ამბის მიტანა (ენის მიტანა),
You must be joking!,"შენ, ალბათ, მეკაიფები!",
Put everything aside.,გადადე ყველაფერი.,
A very good idea came into my mind.,კარგი იდეა მომივიდა.,
get caught [out],გამოჭერა (ტყუილში),
set sb. up,გაუჩალიჩო ვინმეს,
Don't mess with me!,ჩემთან არაფერი შეგეშალოს!,
Do you have any siblings?,და ან ძმა გყავს?,
If I were in your shoes,შენს ადგილას რომ ვიყო,
What's the reason for this?,რა არის ამის მიზეზი?,
accident,უბედური შემთხვევა,
psychiatry,ფსიქიატრია,
psychology,ფსიქოლოგია,
archaeology,არქეოლოგია,
Let's put an end to these people's suffering.,მოდი დავასრულოთ ამ ხალხის ტანჯვა.,
automaticity,"ავტომატურობა, ავტომატიკა",
I get an impression that you are crazy.,"ისეთი შთაბეჭდილება მრჩება, რომ გიჟი ხარ.",
This wall needs to be painted.,ამ კედელს უნდა შეღებვა.,
This wall needs painting.,ამ კედელს უნდა შეღებვა.,
This wall wants painting.,ამ კედელს უნდა შეღებვა.,
I graduated in Marketing.,მე დავამთავრე მარკეტინგი.,
I graduated from this university.,მე დავამთავრე ეს უნივერსიტეტი.,
Will you show me around New York?,მაჩვენებ ნიუ იორკს?,
Which answer shall I circle?,რომელი პასუხი შემოვხაზო?,
You haven't mentioned this to me.,შენ არ გიხსენებია ეს ჩემთვის.,
A Polka-dot dress would suit you.,კოპლებიანი კაბა მოგიხდებოდა.,
It's always fun to be with you.,შენთან ყოველთვის სახალისოა ყოფნა.,
You are always fun to be with.,შენთან ყოველთვის სახალისოა ყოფნა.,
I'm in a fantastic mood today.,დღეს არაჩვეულებრივ განწყობაზე ვარ.,
It's unwise to put all your eggs in one basket.,არაბრძნულია შენი ყველა კვერცხის ჩადება ერთ კალათაში.,
Call us during working hours.,დაგვირეკეთ სამუშაო საათებში.,
so that,"იმისათვის, რომ",
uncertainty,გაურკვევლობა,
misty,ბურუსიანი,
foggy,ნისლიანი,
bad lighting,ცუდი განათება,
poor lighting,ცუდი განათება,
go for a picnic,წახვიდე პიკნიკზე,
go on a picnic,წახვიდე პიკნიკზე,
Don't go on at me in front of people!,ხალხში ნუ მაკრიტიკებ!,
Let's fix a meeting.,ჩავნიშნოთ შეხვედრა.,
Let's arrange a meeting.,ჩავნიშნოთ შეხვედრა.,ფორმალური
arranged marriage,გარიგებით ქორწინება,
Why are you being silent?,რატომ ხარ ჩუმად?,
The chief accountant,მთავარი ბუღალტერი,
Would you mind moving your car?,შეგიძლიათ გაწიოთ თქვენი მანქანა?,
I'd appreciate it if you could move your car.,შეგიძლიათ გაწიოთ თქვენი მანქანა?,
commence,დაწყება,
hail,სეტყვა,
expand my business,გავაფართოო ბიზნესი,
grow my business,გავაფართოო ბიზნესი,
She has Italian origin.,ის არის იტალიელი წარმომავლობით.,
This word originated in Italy.,ეს სიტყვა იტალიური წარმომავლობისაა.,
Is this a genuine Picasso?,ეს ნამდვილი პიკასოა?,
Can you elaborate on this a little bit more?,შეგიძლია უფრო ჩაშალო თემა?,
appoint sb.,დანიშვნა (თანამდებობაზე),
collocations,სიტყვათა შეთანხმებები,
What shall I congratulate on?,რა მოგილოცო?,
It's pointless to buy this book.,აზრი არ აქვს ამ წიგნის ყიდვას.,
ask directions,იკითხო მიმართულებები (ქუჩაში),
rock a child,დაარწიო ბავშვი,
ear lobe,ყურის ბიბილო,
recipe,რეცეპტი,
chips,ჩიპსები,AmE
crisps,ჩიპსები,BrE
restroom,ტუალეტი,AmE
lavatory,ტუალეტი,AmE
loo,ტუალეტი,BrE
ultimate goal,საბოლოო მიზანი,
justify,გაამართლო,
Make me this soup!,გამიკეთე სუპი.,
Buy me this ice cream!,მიყიდე ეს ნაყინი.,
do a test/exercise,გააკეთო ტესტი/სავარჯიშო,
make an exception,დაუშვა გამონაკლისი,
make a mistake,დაუშვა შეცდომა,
Make me happy.,გამაბედნიერე,
do the cleaning,დაალაგო სახლი,
make sb. do sth.,გააკეთებინო ვინმეს რამე (იძულებით),
force sb. to do sth.,გააკეთებინო ვინმეს რამე (იძულებით),
have sb. do sth.,გააკეთებინო ვინმეს რამე (არა იძულებით),კოზატივი
get sb. to do sth.,გააკეთებინო ვინმეს რამე (არა იძულებით),კოზატივი
I had my car washed.,მანქანა გავარეცხინე.,
I got my car washed.,მანქანა გავარეცხინე.,
legendarily good,ლეგენდარულად კარგი,
do harm,ზიანის მიყენება,
beat around the bush,მიკიბ-მოკიბული საუბარი,
beat about the bush,მიკიბ-მოკიბული საუბარი,
get your act together,"დაორგანიზდი, მობილიზდი",
sell like hot cakes,გაიყიდოს ძალიან მაგრად,
on cloud nine,მეცხრე ცაზე (ბედნიერი),
be up in arms,"გაბრაზებული, ბუზღუნის ხასიათზე",
angry with sb.,გაბრაზებული ვინმეზე,
angry about sth.,გაბრაზებული რამეზე,
angry at sb.,გაბრაზებული ვინმეზე,
angry at sth.,გაბრაზებული რამეზე,
She is said to be pregnant.,"მასზე ამბობენ, რომ ორსულად არის.",
She is thought to be...,"მასზე ფიქრობენ, რომ...",
She is considered to be...,მას მიიჩნევენ...,
This car is said to be washed.,ამ მანქანაზე ამბობენ რომ ირეცხება (ყოველდღე).,
She is said to have bought sth.,"მასზე ამბობენ, რომ რაღაცა იყიდა.",
It sounds interesting/good.,საინტერესოდ/კარგად ჟღერს.,
It looks good.,კარგად გამოიყურება.,
It seems interesting.,საინტერესო ჩანს.,
It smells bad.,ცუდი სუნი აქვს.,
unemployment,უმუშევრობა,
We are running out of resources.,გვიმთავრდება რესურსები.,
dismiss sb.,გაუშვა ვინმე სამსახურიდან,
Don't jump to conclusions!,არ გამოიტანო ნაადრევი დასკვნები.,
She will be made to do sth.,"მას აიძულებენ, რომ გააკეთოს რამე.",
rehearse,რეპეტიციის გავლა,
rehearsal,რეპეტიცია,
expose,"გამოაშკარავება, გამოდგმა",
get into shape,ჩადგე ფორმაში,
out of shape,"ფორმიდან ამოვარდნილი, უფორმო",
cry over spilt milk,"ინერვიულო იმაზე, რასაც ვერ შეცვლი, რაც უკვე მოხდა",
jot down,ჩაიწერო რამე,
take down,ჩაიწერო რამე,
write down,ჩაიწერო რამე,
note down,ჩაიწერო რამე,
turn 30,გახდე 30 წლის,
Hasn't it rained for a long time?,დიდი ხანია არ უწვიმია?,
Haven't you called me for a long time?,დიდი ხანია არ დაგირეკავს ჩემთვის?,
Suit yourself!,რაც გინდა ის ქენი!,
surgeon,ქირურგი,
sonata,სონატა,
"It's not a secret, that I love Dea.","საიდუმლო არ არის, რომ მე დეა მიყვარს.",
Honest to god I don't like anything.,"გულწრფელი რომ ვიყო ღმერთთან, არ მომწონს არაფერი.",
parking space,მანქანის დასაყენებელი ადგილი (პარკინგი),
parking lot,მანქანის დასაყენებელი ადგილი (პარკინგი),
These people were taken hostage 2 hours ago.,ეს ხალხი მძევლად აიყვანეს 2 საათის წინ.,
at breakfast,საუზმის დროს,
for breakfast,საუზმეზე,
I'm pooped,დაღლილი ვარ,
ferry,ბორანი,
We were cut off.,გავითიშეთ (ტელეფონზე საუბრისას).,
cup,თასი,
He suggested that Giorgi go there.,"მან შემოგვთავაზა, რომ გიორგი წასულიყო იქ.",
"lie (lied, lied)",მოტყუება,
"lie (lay, lain)",დაწოლა,
clove of garlic,ერთი კბილი ნიორი,
cream soup,კრემსუპი,
artichoke,არტიშოკი,
spring onions,მწვანე ხახვი,BrE
green onions,მწვანე ხახვი,AmE
sour cream,არაჟანი,
spicy,ცხარე,
hot,ცხარე,
chick,ნაშა,
eggplant,ბადრიჯანი,AmE
aubergine,ბადრიჯანი,BrE
sweet potato,ბატატი (ტკბილი კარტოფილი),
peel,გათალო რამე,
harp,არფა,
stamp collecting,საფოსტო მარკების შეგროვება,
gardening,მებაღეობა,
logging,ხეების ჩეხვა/ჭრა,
chin ups,მიზიდვები ღერძზე,
pull ups,მიზიდვები ღერძზე,
press ups,აზიდვები,
push ups,აზიდვები,
athletic,ათლეტური,
fit,კარგ ფიზიკურ ფორმაში ყოფნა,
martial art,საბრძოლო ხელოვნება,
do yoga,დაკავდე იოგით,
do sports,დაკავდე სპორტით,
stroke,"სისხლჩაქცევა, ინსლუტი",
backstroke,ზურგზე ცურვა,
how good a teacher are you?,რამდენად კარგი მასწავლებელი ხარ?,
famous for,ცნობილი,
Sorry about this.,ვწუხვარ ამაზე.,
Sorry for this.,ბოდიში ამისთვის.,
excited about sth.,აღელვებული რაღაცის გამო,
late for sth.,დააგვიანო რამეზე,
dissatisfied with sth.,უკმაყოფილო რამეზე,
responsible for sth.,პასუხისმგებელი რამეზე,
Laugh at me.,დამცინე.,
different from sth.,განსხვავებული რაღაცისგან,
similar to sth.,რაღაცის მსგავსი,
mad about sth.,გაბრაზებული რამეზე,
mad at sth.,გაბრაზებული რამეზე,
annoyed with sth.,გაღიზიანებული რამეზე,
interested in sth.,დაინტერესებული რამით,
be keen on sth.,გიყვარდეს რამე ან იყო რამის მუღამზე,
I'm not very keen on sushi.,დიდად არ ვარ სუშის მუღამზე.,
ask for sth.,თხოვო რამე,
Vote for me.,ხმა მომეცი.,
Wait for me.,დამელოდე.,
Arrest me for this.,დამაპატიმრე ამისთვის,
fine for sth.,დააჯარიმო რამისთვის,
Practice playing the piano.,ივარჯიშე პიანინოზე დაკვრაში.,
I'll never forget being with you here 7 years ago.,არასოდეს დავივიწყებ შენთან ერთად ყოფნას აქ 7 წლის წინ.,
I'll always remember being with you here 7 years ago.,ყოველთვის მემახსოვრება შენთან ერთად ყოფნა აქ 7 წლის წინ.,
Don't forget to call him!,არ დაგავიწყდეს დაურეკო მას!,
Remember to call him!,"გახსოვდეს, რომ დაურეკო მას!",
I regret not calling you yesterday.,"ვნანობ, რომ არ დაგირეკე გუშინ.",
I regret that I didn't call you yesterday.,"ვნანობ, რომ არ დაგირეკე გუშინ.",
We regret to tell you...,ვწუხვართ შეგატყობინოთ...,ფორმალურად
We're sorry to tell you...,ვწუხვართ შეგატყობინოთ...,არაფორმალურად
covering letter,სამოტივაციო წერილი,
clerk,ადმინისტრაციული მუშაკი,
post,"პოზიცია, თანამდებობა",
enclosed,"თანდართული, მიბმული (მეილზე)",
bookkeeping,ადმინისტრაციული აღრიცხვები,
duties,მოვალეობები,
responsibilities,მოვალეობები,
I'm committed to do sth.,"გადაწყვეტილი მაქვს, გავაკეთო რამე",
pursue,გაყვე რამეს/ვინმეს,
persuade,დაარწმუნო,
study,სწავლა,პროფესიის
learn,სწავლა,უნარის
it will enable sb. to do sth.,ეს შესაძლებლობას მისცემს ვინმეს რომ გააკეთოს რამე.,
proven,დადასტურებული,
tactfully,ტაქტიანად,
move mountains,მთები გადადგა,
An apple a day keeps the doctor away.,ყოველდღე ვაშლის ჭამა გაშორებს ექიმს.,
give it a try,სცადე,
I'm here on business.,საქმეზე ვარ.,
I'm here on holiday.,დასასვენებლად ვარ.,
run business,მართო ბიზნესი,
What shall we do next?,რა გავაკეთოთ შემდეგ?,
on purpose,გამიზნულად,
deliberately,გამიზნულად,
rise prices,ფასების აწევა,როცა არ ჩანს ვინ აწია
raise prices,ფასების აწევა,როცა ვინმემ აწია
These prices will rise.,ეს ფასები გაიზრდება.,
Keti raised these prices last year.,ქეთიმ აწია ეს ფასები გასულ წელს.,
go up,"გაზრდა, აწევა",
go down,"შემცირება, დაცემა",
drop,"შემცირება, დაცემა",
plummet,"მკვეთრად დაცემა, ვარდნა (ფასების)",
in the wind/frost/rain,ქარში/ყინვაში/წვიმაში,
I must learn English.,უნდა ვისწავლო ინგლისური!,must გამოიყენება პირველ პირში
footwear,ფეხსაცმელი,
Fill in the form.,შეავსე ფორმა,
Fill out the form.,შეავსე ფორმა,
inflate,გაბერვა,
inflation,ინფლაცია,
at this level,ამ დონეზე,
polish something,ლაკი წაუსვა რამეს,
jump into water,გადახტე წყალში,
jump in water,გადახტე წყალში,
scar,"იარა, შრამი, ნაიარევი",
Let's put pressure on this person.,მოდი ზეწოლა განვახორციელოთ ამ ადამიანზე.,
Which perfume are you wearing?,რომელი სუნამო გასხია?,
May all your dreams come true.,"დაე, ყველა შენი ოცნება ახდეს!",
at all,საერთოდ,
silk,აბრეშუმი,
You have a bad cough.,ცუდად ახველებ.,
tobacco,თამბაქო,
drown,დახრჩობა წყალში,
choke,"დახრჩობა, გაგუდვა",
feel like it,ამის მუღამზე,
general information,ზოგადი ინფორმაცია,
don't say a word,ხმა არ ამოიღო,
trench coat,პალტო,
Open this book on page 10.,გადაშალე ეს წიგნი მე-10 გვერდზე.,
What page should I open this book on?,რომელ გვერდზე გადავშალო ეს წიგნი?,
Hit me on the head with this book.,ჩამარტყი თავში ეს წიგნი.,
Dial my number.,აკრიფე ჩემი ნომერი.,
Who do you agree with in this room?,ვის ეთანხმები ამ ოთახში?,
turn a blind eye to sth.,რამეზე დახუჭო თვალი.,
You should not have been taking a shower when she came here.,"შენ შხაპის მიღების პროცესში არ უნდა ყოფილიყავი, როცა ის მოვიდა.",
lose 20 kilos,დაიკელი 20 კილო,
shed 20 kilos,დაიკელი 20 კილო,
pick up,"აიღო დაგდებული, დაკერო გოგო",
When did you last go fishing?,ბოლოს როდის წახვედი სათევზაოდ?,
juicy,წვნიანი,
rusty,ჟანგიანი,
monetary,მონეტარული,
intervention,ჩარევა,
at the market,მაღაზიაში,
on the market,ბაზარზე,
at 4 Lari,4 ლარად,
buy/sell for 4 Lari.,იყიდო/გაყიდო 4 ლარად.,
bargain,გარიგება,
At 4 Lari this book is a bargain.,4 ლარად ეს წიგნი ნაჩუქარია.,
You have dropped your wallet.,საფულე დაგივარდათ.,
I know it for sure.,უეჭველად ვიცი.,
life expectancy,სიცოცხლის ხანგრძლივობა (საშუალო),
at this speed,ამ სიჩქარით,
Put out the fire.,ჩააქრო ცეცხლი,
physician,ფიზიოლოგი ექიმი,
physicist,ფიზიკოსი,
psychiatrist,ფსიქიატრი,
courtesy,ზრდილობა,
stonewalling,თავის არიდება ლაპარაკით ან სიჩუმით,
in the face of sth.,რაღაცის წინაშე,
live up to sb's expectations,გაამართლო ვინმეს მოლოდინები,
exceed,გადააჭარბო,
a large number of chairs,დიდი რაოდენობით სკამი,თვლადი
a large amount of money,დიდი რაოდენობით ფული,უთვლადი
at sb's expense,ვიღაცის ხარჯზე,
the cabinet,მინისტრთა კაბინეტი,
cabinet,სამზარეულოს სათავსო,
The entire Tbilisi knows that.,მთელმა თბილისმა იცის ეგ.,
Health care.,ჯანდაცვა,
tantamount,ტოლფასი,
sentence to 10 years,10 წელი მიუსაჯო,
on one condition,ერთი პირობით,
in mysterious circumstances,უცნაურ გარემოებებში,
What's the score?,რა ანგარიშია?,
Who is winning/losing?,ვინ იგებს/აგებს?,
over 100 people,100-ზე მეტი ხალხი,
articulate,სიტყვებით გამოხატო სათქმელი,
conservation,"კონსერვაცია, ბუნებრივი რესურსების დაზოგვა.",
prospect,რაღაცის მოხდენის ალბათობა,
send sth climbing,"ზრდის რამეს, რამის დონეს",
superficial,"ზედაპირული, ზერელე",
at best,საუკეთესო შემთხვევაში,
at random,შემთხვევით,
randomly,შემთხვევით,
yummy,გემრიელი,
bottle up your emotions,ჩაახშო შენი ემოციები,
factory,ქარხანა,
plant,ქარხანა,
This is a classic example of his stupidity.,ეს არის კლასიკური მაგალითი მისი სულელობის.,
tax,"სახელმწიფო გადასახადი, დაბეგრო",
mental,გონებრივი,
subconscious,ქვეცნობიერი,
ambassador,ელჩი,
shopping center,სავაჭრო ცენტრი,
shopping mall,სავაჭრო ცენტრი,
fatigue,გადაღლილობა,
I can hardly keep my eyes open.,თვალებს ძლივს ვახელ.,
terrible,საშინელი,
horrible,საშინელი,
awful,საშინელი,
beak,ნისკარტი,
infect sb. with sth.,დააინფიცირო ვინმე რამით,
provide sb. with sth.,უზრუნველჰყო ვინმე რამით,
couch potato,"ზარმაცი ადამიანი, რომელიც სულ ტელევიზორს უყურებს.",
groom,"ნეფე, საქმრო",
bridegroom,"ნეფე, საქმრო",
bride,"პატარძალი, საცოლე",
cuttlery,დანა-ჩანგალი,
I had considerable difficulty in waking up early in the morning yesterday.,მე ძალიან გამიჭირდა გუშინ დილით ადრე ადგომა.,
hold sb. responsible,პასუხი მოსთხოვო ვინმეს,
regret bitterly,მწარედ ინანო,
in total chaos,სრულ ქაოსში,
in utter chaos,სრულ ქაოსში,
bend over,"გადაკუზვა, მოღუნვა",
prolong life,სიცოცხლის გახანგრძლივება,
make up your mind,გადაწყვეტილება მიიღო,
inhale/exhale,ჩაისუნთქო/ამოისუნთქო,
breath in/breath out,ჩაისუნთქო/ამოისუნთქო,
do sth. up,გაარემონტო რამე,
grant sb's request,დააკმაყოფილო ვინმეს მოთხოვნა,ფორმალური
grant sb a loan,მისცე ვინმეს სესხი,ფორმალური
I have yet to withdraw 200 Lari from my account.,მე ჯერ არ გამომიტანია 200 ლარი ჩემი ანგარიშიდან.,ფორმალური
You are lacking in conficence.,შენ გაკლია თავდაჯერებულობა.,
You lack confidence.,შენ გაკლია თავდაჯერებულობა.,
You have a lack of confidence.,შენ გაკლია თავდაჯერებულობა.,
be capable of sth.,იყო გამკეთებელი/წამსვლელი რამეზე,
splitting headache,ძლიერი თავის ტკივილი,
torrential rain,კოკისპირული წვიმა,
pouring rain,კოკისპირული წვიმა,
it's raining cats and dogs,კოკისპირული წვიმა,
escape,თავის დაღწევა,
What are you doing now? - Nothing in particular.,ახლა რას აკეთებ? - კონკრეტულად არაფერს.,
work of art,ხელოვნების ნიმუში,
Give me a sec!,ერთი წამი მომეცი.,
in comparison with,რაღაცასთან შედარებით,
both Tbilisi and Batumi,თბილისიც და ბათუმიც,
"Not only Tbilisi, but also Batumi","არა მარტო თბილისი, არამედ ბათუმიც",
remuneration,ანაზღაურება,
fund,"ფონდი, ფული",
International Monetary Fund (IMF),საერთაშორისო სავალუტო ფონდი.,
"Once bitten, twice shy.",როცა ერთხელ წარუმატებლობის გამო მეორედაც ფრთხილობ ან გეშინია.,
highly confusing,ძალიან დამაბნეველი,
highly recommend,მაღალი რეკომენდაციის გაწევა,
A picture is worth a thousand words.,ბევრჯერ გაგონილს ერთხელ ნანახი სჯობია.,
strong criticism,დიდი კრიტიკა,
fierce criticism,დიდი კრიტიკა,
widespread criticism,დიდი კრიტიკა,
fierce wind,ძლიერი ქარი,
fierce competition,დიდი კონკურენცია,
adventurous,თავგადასავლების მოყვარული/სათავგადასავლო,
adventure seeker,თავგადასავლების მაძიებელი,
have a narrow escape,ბეწვზე გადარჩენა,
Give me a brief summary.,მომეცი მოკლე შეჯამება,
gale-force wind,ძალიან ძლიერი ქარი,
a familiar face,ნაცნობი სახე,
cut corners,ეძებო მოკლე გზები,
extensive damage,ძალიან დიდი ზარალი,
strong accent,ძლიერი აქცენტი,
great honor,დიდი პატივი,
be concerned about,ნერვიულობდე რამეზე,
be worried about,ნერვიულობდე რამეზე,
main concern,მთავარი სადარდებელი,
principal concern,მთავარი სადარდებელი,
film,"ფილმი, ფირი",
This will boost your self-confidence.,ეს გაზრდის შენს თავდაჯერებულობას.,
Express your emotions.,გამოხატე შენი ემოციები.,
stainless steel,უჟანგავი ფოლადი,
raw meet,უმი ხორცი,
field,მინდორი,დათესილი
seldom,იშვიათად,
rarely,იშვიათად,
occasionally,იშვიათად,
during pregnancy,ორსულობის პერიოდში,
narrator,მთხრობელი,
tale,მოთხრობა,
We have novelties this year.,ჩვენ სიახლეები გვაქვს ამ წელს.,
I watch lives even when I'm traveling.,"მე ვუყურებ ლაივებს მაშინაც კი, როცა ვმოგზაურობ.",
naive,გულუბრყვილო,
essential,უმნიშვნელოვანესი,
crucial,უმნიშვნელოვანესი,
Easier said than done.,სათქმელად ადვილია.,
"A friend in need, a friend indeed.",მეგობარი გასაჭირში უნდა გამოსცადო.,
give sb. a hand,დაეხმარო ვინმეს,
It's a piece of cake.,ადვილია გასაკეთებლად.,
eat like a bird,ცოტა ჭამო (ჩიტივით),
eat like a horse,ბევრი ჭამო (ღორივით),
It will cost you a fortune.,ძალიან ძვირი დაგიჯდება,
Such cars cost an arm and a leg.,ასეთი მანქანები ძალიან ძვირი ჯდება.,
Such cars cost the Earth.,ასეთი მანქანები ძალიან ძვირი ჯდება.,
grand opening,საზეიმო გახსნა,
loyalty card,დაგროვების ბარათი,
bully sb.,"დააბულინგო, დაჩაგრო ვინმე",
fruit and vegetables,ხილი და ბოსტნეული,
locally grown,ადგილობრივად მოყვანილი,
however,თუმცა,
"However good your English might be, you can still learn many new things from him.","რაც არ უნდა კარგი იყოს შენი ინგლისური, შენ მაინც შეგიძლია ისწავლო ბევრი ახალი რამ მისგან.",
complete silence,სრული სიჩუმე,
spectators,მაყურებელი,"დარბაზში, სტადიონზე"
viewers,მაყურებელი,ტელევიზორის
entitle sth.,დაასათაურო რამე,
bring sth. forward from Monday to Friday,გადმოწიო რამე ორშაბათიდან პარასკევისთვის.,
maintain,"შენახვა (შენობის, მანქანის)",
consumption,მოხმარება (ელ. ენერგიის),
consume,მოხმარება (ელ. ენერგიის),
out of curiosity,ცნობისმოყვარეობის გამო,
out of interest,ინტერესის გამო,
in writing,წერილობით,
paddle,ნიჩაბი,
hospitable,სტუმართმოყვარე,
testify,ჩვენება მისცე,
cause-and-effect,მიზეზ-შედეგობრივი,
bothersome,"თავის მომაბეზრებელი, შემაწუხებელი",
Sky is the limit.,ყველაფერი შესაძლებელია.,